Serial No,Age,Gender,University,Department,Enrolled Program,T Number,S Number,B Number,Study Year,online Exam,Ofline Number,TSR,TOS,PCC1,DCC1,ACC1,PCC2,DCC2,ACC2,PCC3,DCC3,ACC3,PCC4,DCC4,ACC4,PCC5,DCC5,ACC5,PCC6,DCC6,ACC6,PCC7,DCC7,ACC7,PCC8,DCC8,ACC8,PTEA1,DTEA1,ATEA1,PTEA2,DTEA2,ATEA2,PTEA3,DTEA3,ATEA3,PTEA4,DTEA4,ATEA4,PIS1,DIS1,AIS1,PIS2,DIS2,AIS2,PIS3,DIS3,AIS3,PIS4,DIS4,AIS4,PIS5,DIS5,AIS5,PIS6,DIS6,AIS6,PARA1,DARA1,AARA1,PARA2,DARA2,AARA2,PARA3,DARA3,AARA3,CGPA
1,22,2,RU,Social Work,1,17,90,5,3,0,2,5,4,4,2,4,3,2,4,4,4,4,4,4,4,3,3,3,4,4,4,4,2,3,4,2,3,4,1,4,4,4,4,4,4,4,5,5,5,5,5,5,5,5,5,5,3,5,5,4,5,5,5,5,5,5,5,5,4,5,4,2,3,5,1,4,3.27
2,22,2,RU,Social Work,1,17,102,5,3,0,2,5,4,5,2,5,5,5,5,5,3,5,4,2,4,5,5,4,5,5,5,5,5,4,5,5,5,5,5,5,5,5,5,4,4,4,5,5,5,5,5,5,5,5,5,4,4,4,3,5,3,4,5,4,4,4,4,5,5,4,5,5,5,3,3,3,3.37
3,21,2,RU,Social Work,1,19,100,5,3,0,2,5,5,5,4,5,5,4,5,5,3,5,5,5,5,5,4,5,5,3,5,5,4,5,5,5,5,5,2,5,5,4,5,3,2,3,5,5,5,5,5,5,5,4,5,5,5,5,2,3,2,4,4,5,5,5,5,5,5,5,5,4,5,5,1,5,3.1
4,21,2,RU,Social Work,1,19,110,5,3,0,2,3,2,5,1,3,5,1,1,5,1,4,5,1,5,5,1,1,5,1,3,5,1,2,5,1,5,5,1,5,5,1,5,5,1,5,5,5,5,5,5,5,4,1,3,2,1,2,2,1,2,3,1,3,4,1,5,3,1,3,2,1,2,1,1,1,3.05
5,23,1,RU,Social Work,1,18,100,5,3,0,2,3,2,4,1,4,4,4,4,4,1,4,4,2,4,3,1,3,3,1,3,4,1,2,3,1,3,4,1,4,4,1,3,2,1,2,2,1,2,4,1,4,3,1,3,2,1,2,1,1,1,2,1,2,2,1,2,1,1,3,3,1,3,1,1,1,3.45
6,22,2,RU,Social Work,1,19,110,5,3,0,1,5,4,5,2,4,5,2,3,5,3,5,5,3,4,5,4,5,5,4,4,5,1,5,5,1,5,5,1,3,4,1,4,5,1,5,5,5,5,5,4,5,1,1,4,4,1,5,5,1,4,4,4,3,5,1,2,3,1,4,4,1,2,2,1,4,3
7,22,2,RU,Social Work,1,20,100,5,3,0,1,5,5,5,2,5,5,1,5,5,2,5,5,2,5,5,2,5,5,3,5,5,3,5,5,4,5,5,1,5,5,4,5,5,2,5,5,2,5,4,2,3,5,1,5,5,2,5,5,2,5,5,2,5,5,2,5,5,2,5,5,5,5,5,5,5,3.7
8,24,2,RU,Social Work,1,19,105,5,3,0,2,4,3,5,3,5,5,2,4,5,3,5,4,4,4,5,3,5,5,5,5,3,3,2,4,3,2,4,1,4,4,2,5,4,2,4,5,5,5,5,4,5,4,4,4,3,3,3,4,3,4,4,4,4,4,4,4,4,3,4,3,3,3,3,3,4,2.81
10,24,2,RU,Social Work,1,19,100,5,3,0,2,4,4,5,3,5,5,3,5,5,3,5,5,3,5,5,4,5,4,4,4,5,3,5,5,3,5,5,3,5,5,4,5,4,3,4,5,5,5,5,4,5,4,2,4,5,4,5,4,2,4,4,2,4,5,2,5,5,3,5,5,4,5,3,2,3,3.16
11,22,2,RU,Social Work,1,19,100,5,3,0,2,5,4,5,3,5,4,3,4,5,3,5,5,5,5,4,3,4,4,4,4,4,4,4,4,4,4,4,4,4,4,3,4,3,2,3,4,3,4,4,3,4,3,3,3,2,2,2,2,2,2,3,3,3,2,2,2,3,3,3,3,3,3,3,3,3,3.25
12,23,1,RU,Social Work,1,18,102,5,3,0,2,4,4,4,3,4,5,4,5,5,5,5,4,4,4,4,3,4,4,4,4,4,2,4,4,4,4,5,2,5,4,4,4,3,3,3,4,4,4,4,4,4,4,4,4,3,3,3,3,2,3,4,4,4,4,4,4,4,3,4,4,4,4,4,2,4,3.03
13,25,1,RU,Social Work,1,18,100,5,3,0,2,3,3,4,1,4,4,1,4,3,1,3,2,1,3,3,1,3,4,2,3,3,1,4,3,1,4,5,1,5,1,1,1,1,1,1,1,1,1,3,1,3,2,1,2,2,1,2,1,1,1,2,1,1,1,1,1,3,1,3,1,1,1,1,1,1,3.39
14,22,1,RU,Social Work,1,18,100,5,3,0,2,4,4,4,1,4,5,2,5,3,5,3,5,4,5,5,5,4,5,4,5,4,2,4,5,3,5,5,2,5,5,4,5,4,4,4,3,1,3,5,3,5,5,2,5,2,2,2,1,1,1,1,1,2,2,1,2,3,2,3,3,3,3,1,1,1,3.42
15,22,1,RU,Social Work,1,17,95,5,3,0,2,5,4,5,4,5,5,3,5,5,4,5,5,5,5,5,5,5,5,4,5,5,4,5,5,5,5,5,3,5,5,5,5,4,3,4,5,5,5,5,5,5,5,4,5,5,4,5,5,4,5,5,5,5,5,5,5,5,4,5,5,5,5,4,4,4,3.33
16,21,1,RU,Social Work,1,18,100,5,3,0,2,4,4,5,4,5,5,3,5,5,3,5,5,5,5,5,5,5,5,5,5,5,5,5,5,5,5,5,1,5,5,3,5,5,2,5,5,3,5,5,5,5,5,5,5,5,5,5,4,3,4,5,4,5,5,4,5,5,4,5,5,3,5,5,3,5,3.27
17,23,1,RU,Social Work,1,19,100,5,3,0,2,4,4,5,4,5,5,4,5,5,3,5,5,4,5,5,4,5,5,4,5,5,3,5,5,4,4,5,5,5,5,5,5,5,5,5,5,5,5,5,5,5,5,5,5,5,4,5,4,3,4,3,3,3,4,3,4,5,5,5,5,5,5,4,4,4,3.25
18,21,1,RU,Social Work,1,19,100,5,3,0,2,4,4,5,4,5,5,4,5,5,3,5,5,4,5,5,4,5,4,3,4,5,3,5,5,4,5,5,3,5,5,5,5,4,3,4,5,5,5,5,5,5,5,5,5,5,4,5,5,5,5,5,5,5,5,5,5,4,3,4,4,4,4,4,4,4,3.29
19,23,1,RU,Social Work,1,18,98,5,3,0,2,4,3,4,2,3,4,2,4,4,1,4,3,1,3,3,3,3,3,2,3,4,1,3,4,2,3,3,1,3,3,2,3,3,1,3,1,1,1,3,2,3,2,1,2,2,1,2,2,1,2,2,1,2,3,1,2,3,2,3,3,3,3,2,1,2,3.25
20,21,1,RU,Social Work,1,22,120,5,3,0,2,3,2,4,1,5,4,1,4,5,3,5,3,1,3,2,1,3,3,1,3,4,1,4,4,2,5,3,1,4,2,1,3,2,1,2,4,3,5,3,2,4,2,1,2,2,1,3,1,1,2,2,1,2,1,1,2,2,1,2,2,2,2,1,1,1,3.25
21,22,1,RU,Social Work,1,17,100,5,3,0,2,3,3,5,2,2,3,1,1,1,1,1,1,1,1,2,1,1,2,5,1,5,2,5,3,4,2,4,3,4,4,2,4,2,1,2,3,1,2,3,2,3,3,2,2,3,2,3,3,2,3,3,1,3,2,1,2,2,1,2,2,1,2,1,1,1,3.5
22,24,1,RU,Social Work,1,18,100,5,3,0,2,5,4,4,1,4,4,4,4,5,3,5,4,3,4,5,5,5,4,3,4,3,3,4,5,3,4,5,1,4,4,3,4,3,3,3,5,5,5,5,2,4,4,2,4,3,2,3,4,2,4,4,2,4,4,1,4,3,1,3,3,3,3,3,1,3,3.12
23,23,1,RU,Social Work,1,18,100,5,3,0,2,4,4,4,4,5,5,5,5,5,5,5,5,5,5,4,5,4,5,4,4,4,4,4,4,4,3,3,4,3,3,3,3,2,1,2,3,4,3,4,4,4,1,1,2,3,1,4,3,4,3,3,4,3,4,4,5,4,3,2,2,1,2,1,2,1,3.35
24,21,1,RU,Social Work,1,17,100,5,3,0,2,5,5,4,1,4,4,4,4,3,1,2,4,2,3,4,2,3,4,4,4,1,1,1,2,2,2,4,4,4,4,4,4,4,4,4,4,4,4,3,2,4,4,2,3,4,3,1,1,2,3,3,2,4,4,2,1,2,3,4,4,3,4,4,4,4,3.5
25,22,1,RU,Social Work,1,22,110,5,3,0,2,5,3,5,4,5,5,4,5,5,3,4,4,2,3,2,1,1,3,1,4,4,1,2,5,1,4,4,1,4,5,1,4,4,1,3,5,1,5,5,4,5,3,1,3,4,1,3,2,1,2,2,1,2,4,1,4,3,3,4,5,3,5,1,1,2,3.1
26,22,1,RU,Social Work,1,17,95,5,3,0,2,3,1,3,1,3,4,1,4,3,1,3,2,1,3,4,3,4,2,1,2,2,2,3,3,2,3,3,1,3,3,3,3,3,2,3,1,1,1,2,2,2,2,2,2,1,1,2,1,1,2,1,1,2,1,1,2,2,1,2,2,2,2,2,2,2,3.5
27,23,1,RU,Social Work,1,19,100,5,3,0,2,4,4,4,3,5,4,3,4,4,4,4,4,3,4,4,3,4,4,4,4,4,2,3,4,3,4,4,2,4,4,1,4,4,2,4,4,3,4,4,3,4,4,4,4,3,3,3,4,2,4,4,5,5,5,4,5,5,4,4,5,3,5,5,2,5,3.15
28,23,1,RU,Social Work,1,18,105,5,3,0,2,4,3,4,3,2,3,2,2,5,3,5,4,3,4,5,3,4,4,3,2,4,3,4,4,3,4,5,2,5,4,1,4,2,2,2,4,3,3,4,3,4,3,3,3,4,2,2,4,3,4,4,3,3,4,3,4,4,3,4,5,3,4,4,3,4,3.27
29,23,1,RU,Social Work,1,18,100,5,3,0,2,3,2,3,1,3,5,1,4,4,4,4,1,1,1,3,1,3,2,1,2,4,1,4,4,1,4,4,1,4,2,1,2,3,1,3,4,3,4,3,3,3,1,1,1,2,2,2,3,4,4,2,3,3,1,2,2,2,2,2,2,2,2,2,2,2,3
30,23,1,RU,Social Work,1,19,100,5,3,0,2,4,4,5,4,5,4,3,4,5,4,5,3,1,3,5,1,5,5,4,5,5,5,5,5,5,5,5,3,5,5,2,5,4,1,4,5,4,5,4,1,4,4,1,4,4,1,4,5,1,5,5,3,5,5,4,5,5,3,5,3,3,3,1,1,1,3.03
31,22,1,RU,Social Work,1,19,100,5,3,0,2,4,4,4,3,4,4,4,4,4,4,4,4,4,4,4,4,4,3,2,3,4,3,4,4,4,4,4,2,4,5,4,5,4,3,4,5,5,5,4,3,4,4,3,4,3,3,3,4,4,4,5,4,5,4,4,4,4,3,4,3,3,3,3,3,3,3.14
32,22,1,RU,Social Work,1,19,100,5,3,0,2,3,3,5,3,5,5,4,5,5,5,5,4,3,4,5,3,5,5,5,5,5,5,5,5,5,5,5,5,5,5,5,5,4,4,4,5,4,4,5,5,5,5,5,5,3,3,3,4,4,4,5,5,5,4,4,4,4,4,4,4,4,4,3,1,3,3.32
33,22,2,RU,Social Work,1,19,100,5,3,0,2,4,3,5,5,5,5,4,5,5,5,5,5,5,5,4,3,4,4,4,4,3,2,3,3,1,4,5,1,5,3,2,3,1,1,1,5,3,5,3,4,3,5,3,5,3,1,3,2,1,2,5,5,5,5,5,5,4,3,4,4,4,4,4,3,4,3
34,21,2,RU,Social Work,1,19,100,5,3,0,2,3,3,5,3,5,5,4,5,5,5,5,4,3,4,5,3,5,5,5,5,5,5,5,5,5,5,5,5,5,5,5,5,4,4,4,5,5,5,5,5,5,5,5,5,3,3,3,4,4,4,5,5,5,4,4,4,4,4,4,4,4,4,3,1,3,3.15
35,22,2,RU,Social Work,1,19,110,5,3,0,2,5,5,5,5,5,5,4,5,5,3,5,5,4,5,5,3,5,5,4,5,5,2,4,5,5,5,5,3,5,5,5,5,5,5,5,5,5,5,5,5,5,5,4,5,5,4,5,5,4,5,5,5,5,5,5,5,5,5,5,4,4,4,4,4,4,3.26
36,22,1,RU,Social Work,1,19,100,5,3,0,2,4,4,5,4,5,5,3,5,5,5,5,5,5,5,4,3,4,4,4,4,4,3,4,4,4,4,5,4,5,4,3,4,4,4,4,4,3,4,3,3,3,4,3,4,3,2,3,3,2,3,3,3,3,4,3,4,4,3,4,4,3,4,2,1,2,3.21
37,23,2,RU,Social Work,1,18,102,5,3,0,2,5,4,5,3,5,5,2,4,5,3,5,4,4,4,4,2,3,5,3,5,5,4,4,3,2,4,4,3,5,5,2,5,5,2,3,5,3,2,5,3,2,4,2,3,5,4,3,5,4,3,2,1,3,3,2,1,2,3,1,4,3,2,5,3,4,3.51
38,23,2,RU,Social Work,1,17,100,5,3,0,2,5,5,5,2,5,4,3,4,5,4,5,3,4,5,5,5,5,4,4,4,5,5,5,5,3,5,4,3,4,5,4,4,4,3,4,5,3,5,5,4,5,5,4,5,4,3,4,3,2,4,3,3,4,4,3,4,4,4,5,5,5,5,3,4,4,3.56
39,21,1,RU,Social Work,1,18,100,5,3,0,2,3,3,5,1,3,5,1,3,5,1,5,4,4,4,3,3,3,3,1,3,1,1,1,1,1,1,1,1,1,2,1,1,1,1,1,3,3,3,4,4,4,1,1,1,1,1,1,3,1,2,3,1,2,1,1,1,5,3,4,5,1,3,4,1,3,3.15
40,22,1,RU,Social Work,1,18,102,5,3,0,2,4,3,5,4,5,5,5,5,5,3,5,5,5,5,5,4,5,5,5,5,5,4,5,5,5,5,5,2,5,5,5,5,4,3,4,4,3,4,5,4,5,4,3,4,4,3,4,4,3,4,4,3,4,3,2,3,4,5,4,3,3,3,3,3,3,3.26
41,23,2,RU,Social Work,1,19,100,5,3,0,2,4,4,5,3,5,5,5,5,5,4,5,5,3,5,5,4,5,5,4,5,5,4,5,5,4,5,5,2,5,4,4,4,4,4,4,3,3,3,3,3,3,2,2,2,2,2,2,2,2,2,2,2,2,4,4,4,4,4,4,4,4,4,3,3,3,3.5
42,22,2,RU,Social Work,1,19,100,5,3,0,2,4,4,3,3,4,4,3,4,5,4,5,4,4,5,5,5,5,5,5,5,4,2,3,3,1,2,4,2,4,4,3,4,3,3,3,4,4,4,4,4,4,4,4,4,4,4,4,4,3,4,4,4,4,4,4,4,4,4,4,5,4,5,5,5,5,3.16
43,22,2,RU,Social Work,1,17,100,5,3,0,2,4,4,5,4,5,5,3,5,4,3,4,3,3,3,3,3,4,4,4,4,4,4,4,4,4,4,5,2,5,4,3,4,3,2,3,3,2,4,4,4,4,3,2,4,3,2,3,2,2,2,3,3,4,4,4,4,3,2,3,3,3,3,2,3,3,3.1
44,21,2,RU,Social Work,1,18,100,5,3,0,2,5,4,5,4,5,5,3,5,5,4,5,4,3,3,5,5,5,5,4,5,3,3,3,5,5,5,3,3,3,5,5,5,3,3,3,4,4,4,5,4,5,4,3,4,4,4,4,3,3,3,5,5,5,4,4,4,4,4,4,5,5,5,4,4,4,3.4
45,23,2,RU,Social Work,1,17,100,5,3,0,2,5,5,5,2,5,4,3,4,5,4,5,3,4,5,5,5,5,4,4,4,5,5,5,5,3,5,4,3,2,3,1,2,4,3,2,4,3,3,5,4,5,5,4,5,4,3,4,3,2,4,3,3,4,4,3,4,4,4,5,5,5,5,3,4,4,3.08
46,21,2,RU,Social Work,1,18,100,5,3,0,2,4,4,5,4,5,5,2,4,5,3,4,4,3,3,4,3,4,4,4,4,4,4,4,5,5,5,5,2,4,4,3,4,4,2,3,4,3,4,4,3,4,4,2,4,3,2,3,2,2,2,3,3,3,4,3,4,3,2,3,3,3,3,2,3,3,3.25
47,22,2,RU,Social Work,1,17,95,5,3,0,2,4,4,5,4,5,4,3,4,5,3,5,5,4,4,5,2,5,5,4,5,5,3,4,4,3,4,5,2,4,4,3,4,3,2,4,4,2,5,5,4,5,4,3,4,5,3,4,3,2,4,3,3,4,4,3,4,4,3,5,5,5,5,4,3,4,3.1
48,22,2,RU,Social Work,1,17,95,5,3,0,2,4,4,5,4,5,5,4,5,5,3,5,5,4,4,5,2,5,5,4,5,5,3,4,4,3,4,5,2,4,4,3,4,3,2,4,4,2,5,5,4,5,5,4,5,4,3,4,3,2,4,3,3,4,4,3,4,5,4,5,5,5,5,5,4,5,3.27
49,22,2,RU,Social Work,1,19,100,5,3,0,2,5,4,4,3,4,5,1,5,5,1,5,4,1,4,5,4,5,5,3,5,5,5,5,5,5,5,4,3,4,5,5,5,4,3,4,5,4,5,5,5,5,4,3,4,4,4,4,3,3,3,4,4,4,4,4,4,5,5,5,4,4,4,4,3,4,3.16
50,23,2,RU,Social Work,1,15,96,5,3,0,1,5,4,5,3,5,5,3,5,5,5,5,5,5,5,5,1,5,5,5,5,5,5,5,5,5,5,5,4,5,5,3,5,5,4,5,5,3,5,5,5,5,5,5,5,3,3,3,4,4,4,5,5,5,5,5,5,5,4,5,4,4,4,4,4,4,3.3
51,24,1,RU,Math,1,30,122,5,4,0,3,4,4,5,4,5,4,3,4,5,5,5,4,4,4,4,5,4,4,4,4,5,5,5,5,5,5,5,4,5,5,4,5,5,4,5,5,4,5,3,2,3,4,3,4,1,1,1,3,2,3,4,4,4,3,2,3,4,4,4,2,2,2,3,3,3,3.1
52,23,1,RU,Math,1,30,122,5,4,0,3,5,4,5,3,5,5,5,5,5,5,5,4,2,3,4,5,3,4,3,4,3,1,4,5,3,5,5,2,5,5,3,5,5,3,5,5,1,4,5,2,5,5,1,5,4,1,4,4,1,4,4,1,4,3,1,3,4,1,4,3,2,4,2,1,3,3.27
53,23,1,RU,Math,1,30,122,5,4,0,3,4,4,5,2,4,4,2,4,4,3,5,3,4,4,5,4,4,3,2,4,3,2,3,4,2,5,4,2,4,4,3,4,4,2,4,5,2,5,3,4,4,4,2,4,2,1,3,1,1,2,2,1,3,2,1,3,2,1,3,3,2,4,2,1,2,3.05
54,24,2,RU,Math,1,30,122,5,4,0,3,4,5,5,5,5,5,5,5,4,4,4,5,5,5,5,5,5,4,4,4,4,4,4,4,4,4,4,4,4,4,4,4,4,4,4,5,5,5,5,5,5,4,3,4,4,3,4,4,3,4,4,3,4,4,3,4,5,5,5,4,4,4,4,4,4,2.88
55,24,2,RU,Math,1,30,122,5,4,0,3,3,1,4,2,4,4,2,4,3,2,3,2,2,2,3,3,3,2,2,2,2,2,2,1,1,3,3,1,3,1,1,1,1,1,1,2,2,2,2,1,2,2,1,2,1,1,1,2,1,1,4,3,4,3,1,2,3,2,1,1,1,1,3,2,3,3
56,23,2,RU,Math,1,30,122,5,4,0,3,2,2,5,3,5,5,2,5,5,4,5,4,3,4,5,4,4,4,2,4,3,2,2,2,1,2,3,2,3,2,1,2,3,2,1,4,1,2,3,2,2,3,2,3,4,1,3,3,2,2,3,1,3,4,2,2,5,2,4,2,1,2,2,1,2,3.1
57,24,1,RU,Math,1,30,122,5,4,0,3,1,1,1,1,2,2,2,2,1,1,1,1,1,1,1,1,1,1,1,1,1,2,2,1,2,3,2,1,2,2,1,2,3,1,2,3,2,2,2,1,2,2,1,1,1,2,2,1,1,1,2,1,1,1,1,1,1,1,1,1,1,1,2,1,1,2.75
58,24,1,RU,Math,1,30,122,5,4,0,3,4,4,5,2,5,5,3,5,3,2,3,1,1,2,3,4,4,4,2,4,1,1,1,4,1,5,4,3,5,4,1,4,4,1,4,4,1,3,4,3,4,2,1,2,2,1,4,4,4,4,1,1,1,2,1,2,2,1,2,2,1,2,1,1,1,3.35
59,23,2,RU,Math,1,30,122,5,4,0,3,4,3,5,2,4,5,2,4,3,2,4,2,2,2,3,4,4,3,3,3,3,2,3,3,2,3,4,1,5,3,1,3,4,2,4,2,1,2,2,1,2,1,1,1,1,1,1,1,1,1,2,2,2,1,1,1,1,1,1,1,1,1,1,1,1,2.85
60,24,2,RU,Math,1,30,122,5,4,0,3,3,1,5,2,4,5,2,4,3,2,3,2,2,2,2,2,2,2,2,2,3,3,3,3,3,3,2,1,2,1,1,1,1,1,1,1,1,1,3,2,3,2,2,2,2,2,2,1,1,1,1,1,1,1,1,1,1,1,1,1,1,1,1,1,1,3
61,23,1,RU,Math,1,30,122,5,4,0,3,4,4,4,2,3,4,2,4,5,1,3,4,2,2,3,1,2,4,3,4,4,1,4,3,2,4,1,1,2,4,1,2,2,3,4,4,3,4,3,1,2,1,1,1,2,1,2,1,1,1,2,1,1,2,1,2,2,1,1,2,1,1,2,1,1,3
62,22,2,RU,Math,1,30,122,5,4,0,3,4,4,4,2,4,4,3,5,3,2,3,2,1,2,3,4,4,4,2,4,1,1,1,4,1,5,4,1,5,4,1,4,4,1,4,3,1,3,4,3,4,2,1,2,2,1,4,4,4,4,1,1,1,2,1,2,2,1,2,2,1,2,1,1,1,3.47
63,23,1,RU,Math,1,30,122,5,4,0,3,4,3,4,3,4,4,3,4,4,1,5,4,3,4,4,5,3,4,2,4,4,1,4,4,1,4,4,2,4,3,2,3,1,1,1,4,3,4,4,3,4,2,1,2,2,2,2,2,2,4,1,1,1,2,1,2,2,1,2,3,1,2,1,1,1,3.1
64,23,1,RU,Math,1,30,122,5,4,0,3,3,3,4,2,4,3,2,3,4,4,4,4,4,4,3,4,3,3,2,3,4,4,4,4,4,4,4,4,4,3,2,3,3,2,3,4,3,4,2,2,2,2,2,2,1,1,1,1,1,1,1,1,1,1,1,1,2,1,2,2,1,2,1,1,1,3.88
65,23,2,RU,Math,1,30,122,5,4,0,3,4,4,5,5,5,5,4,5,5,5,5,5,4,5,5,4,5,4,4,5,5,4,5,5,4,5,5,4,5,5,4,5,5,4,5,5,4,5,5,5,5,5,4,5,5,4,5,1,1,1,4,3,3,3,1,2,5,5,5,4,3,4,2,1,2,3.15
66,25,1,RU,Math,1,30,122,5,4,0,3,2,3,3,1,5,3,1,4,1,3,1,3,1,4,3,4,4,3,2,4,5,5,5,4,2,4,3,1,4,2,2,2,2,2,2,1,1,1,1,1,1,1,1,1,1,1,1,1,1,1,2,2,2,2,2,2,2,2,2,1,1,1,1,1,1,3.17
67,23,1,RU,Math,1,30,122,5,4,0,3,5,5,5,5,5,5,5,5,5,5,5,4,4,4,4,5,4,5,4,5,5,5,4,5,5,5,4,3,5,4,3,4,5,4,5,4,4,4,5,4,5,5,5,5,5,4,5,4,4,4,4,4,4,5,4,5,4,4,4,4,4,4,4,4,4,3.48
68,22,1,RU,Math,1,30,122,5,4,0,3,4,4,3,4,5,5,4,3,5,3,2,1,2,3,3,2,1,4,2,3,1,2,4,4,2,1,1,2,1,3,2,3,2,5,3,4,2,5,1,2,3,3,2,1,2,1,3,2,3,1,3,2,2,5,2,3,2,1,2,5,4,2,2,1,2,3.5
69,23,1,RU,Math,1,30,122,5,4,0,3,4,4,4,2,4,5,3,5,4,2,3,4,2,3,3,1,2,2,3,4,4,1,3,4,1,2,4,2,4,4,3,4,4,1,4,4,2,4,4,2,4,3,1,3,3,2,3,4,3,4,2,1,2,2,1,2,3,2,3,2,2,2,2,1,2,3.33
70,24,1,RU,Math,1,30,122,5,4,0,3,3,3,4,2,3,4,3,3,2,2,3,1,1,1,1,1,1,3,2,3,4,1,4,2,1,1,4,1,3,3,1,2,1,1,1,3,2,3,3,3,4,1,1,1,1,1,1,2,1,3,3,5,4,2,2,2,1,1,1,1,1,1,1,1,1,3.4
71,23,1,RU,Math,1,30,122,5,4,0,3,4,3,5,4,5,5,5,5,5,2,5,5,2,5,5,2,5,1,1,1,5,1,3,5,1,2,5,4,5,3,2,3,4,4,4,2,2,2,2,2,2,2,2,2,1,1,1,1,1,1,1,1,1,1,1,1,2,2,2,1,1,1,1,1,1,3
72,24,2,RU,Math,1,30,122,5,4,0,3,4,3,4,2,3,4,1,3,4,4,3,2,1,2,4,5,4,4,2,3,1,1,1,1,1,1,4,4,4,3,2,3,1,1,1,2,1,2,2,1,2,1,1,1,2,1,1,1,1,1,3,1,1,2,1,1,1,1,1,1,1,1,2,2,2,3.05
73,24,1,RU,Math,1,30,122,5,4,0,3,3,2,4,2,2,4,1,3,4,4,4,2,1,2,4,5,5,4,2,3,1,1,1,1,1,1,4,4,4,3,2,3,1,1,1,2,1,2,2,1,2,1,1,1,1,1,1,1,1,1,2,1,1,2,1,1,1,1,1,1,1,1,2,2,2,3.93
74,23,1,RU,Math,1,30,122,5,4,0,3,4,4,4,2,4,4,2,4,4,2,4,3,2,3,2,2,3,3,2,3,4,1,4,4,1,3,2,1,2,1,1,1,2,1,2,2,2,2,3,4,3,1,1,1,3,2,3,2,1,2,1,1,1,2,1,2,3,2,3,3,2,3,3,2,3,3.26
75,23,1,RU,Math,1,30,122,5,4,0,3,2,3,5,2,5,4,2,4,4,2,4,2,1,2,1,1,1,1,1,1,1,1,1,1,1,1,3,2,2,2,2,2,1,1,1,4,4,4,4,4,4,3,1,3,1,1,1,2,1,2,1,1,1,1,1,1,2,1,1,1,1,1,2,1,2,3.35
76,23,2,RU,Psychology,1,16,68,5,3,0,2,4,4,5,4,5,5,4,5,5,4,5,5,4,5,5,4,5,5,4,5,5,4,5,5,4,5,4,3,4,5,4,5,5,4,5,5,4,5,5,4,5,5,4,5,4,3,4,4,3,4,5,4,5,4,3,4,4,3,4,4,3,4,4,3,4,3.23
77,23,1,RU,Psychology,1,16,68,5,3,0,2,4,4,4,4,4,3,3,3,4,4,4,4,4,4,4,4,4,4,4,4,4,3,4,5,4,5,4,4,4,4,4,4,4,3,4,4,4,4,4,4,4,4,4,4,3,3,3,3,3,3,3,3,3,4,4,4,4,4,4,4,4,4,3,3,3,3
78,23,2,RU,Psychology,1,16,68,5,3,0,2,4,4,4,4,4,3,4,3,5,5,5,4,4,4,5,5,5,4,4,4,5,3,3,5,3,4,5,2,4,4,4,4,4,4,4,5,5,5,4,3,4,4,3,4,4,3,4,4,3,4,4,3,4,5,3,5,4,3,4,4,3,4,5,4,5,3.89
79,22,2,RU,Psychology,1,16,68,5,3,0,2,4,4,4,4,4,3,3,3,4,3,4,5,3,5,5,5,5,4,4,4,5,3,3,5,3,3,5,3,4,4,4,4,4,4,4,5,3,5,5,5,5,5,5,5,5,5,5,4,4,4,4,4,4,5,5,5,4,3,4,3,3,3,4,4,4,3.47
80,23,2,RU,Psychology,1,16,68,5,3,0,2,4,4,5,4,5,5,3,3,5,5,5,5,5,5,5,4,5,5,4,5,5,3,5,5,4,5,4,2,4,4,3,5,3,2,3,5,1,5,5,3,5,4,3,4,3,2,4,2,1,2,5,4,5,5,3,5,3,2,3,4,3,4,5,3,5,3.34
81,23,2,RU,Psychology,1,16,68,5,3,0,2,4,3,4,2,4,3,2,3,5,3,5,3,2,4,4,1,4,4,4,4,2,2,3,2,2,3,4,4,4,3,3,3,3,2,3,4,3,4,4,2,4,4,2,4,3,3,3,3,1,3,3,1,3,2,2,2,3,3,3,3,3,3,4,2,4,3.45
82,22,2,RU,Psychology,1,16,68,5,3,0,2,4,4,4,3,3,4,2,3,4,3,4,4,4,4,4,5,4,4,4,4,5,3,5,4,3,4,4,3,4,4,4,4,3,3,3,4,3,3,3,3,3,5,5,5,4,3,4,3,2,4,4,4,4,4,4,4,3,3,3,3,3,3,2,2,2,3.5
83,22,2,RU,Psychology,1,16,68,5,3,0,2,3,5,3,4,4,3,5,4,3,4,4,4,3,4,2,4,2,4,4,4,4,4,4,4,4,4,3,3,3,4,4,4,3,3,3,4,4,4,3,5,4,2,2,2,2,2,3,3,3,3,1,1,1,3,3,3,3,4,4,3,3,3,3,4,4,3.6
84,23,2,RU,Psychology,1,16,68,5,3,0,2,4,4,3,3,4,2,4,4,4,3,4,4,1,4,2,4,2,4,3,4,3,3,3,3,2,5,4,4,4,4,3,4,4,2,4,3,4,4,4,3,4,4,4,4,5,5,5,3,3,4,5,5,5,4,5,5,4,3,4,4,4,4,3,3,3,3.32
85,24,2,RU,Psychology,1,16,68,5,3,0,2,2,3,3,5,4,4,5,4,5,2,4,5,5,4,4,5,4,4,3,4,2,2,2,2,2,2,3,3,3,3,3,3,3,3,3,3,3,3,4,4,3,4,4,4,5,4,4,5,4,3,5,4,4,5,5,4,3,3,3,4,4,4,5,4,5,3.5
86,23,1,RU,Psychology,1,16,68,5,3,0,2,4,4,3,4,4,2,3,5,4,3,3,2,3,4,3,4,5,4,4,4,3,3,5,4,3,4,3,4,3,3,3,3,3,4,3,4,3,4,3,4,3,4,3,5,5,3,4,4,5,3,3,4,3,5,5,4,3,4,5,5,5,4,4,3,3,3.53
87,23,1,RU,Psychology,1,16,68,5,3,0,2,4,4,3,2,4,4,4,4,4,4,4,3,3,3,4,4,4,5,5,5,3,3,3,4,4,4,5,3,5,5,5,5,4,3,4,5,5,5,5,5,5,5,4,5,5,5,5,2,2,3,5,5,5,5,5,5,5,5,5,5,5,5,4,2,4,3.67
88,22,2,RU,Psychology,1,16,68,5,3,0,2,4,5,4,5,4,4,5,5,5,5,5,5,5,5,5,5,5,5,5,5,4,4,4,3,3,3,3,3,3,2,2,2,1,1,1,3,3,3,3,3,3,2,2,2,2,2,2,2,2,2,1,1,1,2,2,2,1,1,1,2,2,2,2,2,2,3.11
89,21,2,RU,Psychology,1,16,68,5,3,0,2,4,4,5,4,3,5,5,3,5,4,5,4,5,4,4,4,4,5,4,4,4,4,4,5,4,4,4,4,4,4,3,4,4,2,4,4,4,4,5,4,4,4,4,4,4,5,5,4,4,4,3,3,3,3,3,4,4,4,4,3,3,3,4,4,4,3.87
90,24,2,RU,Psychology,1,16,68,5,3,0,2,4,4,3,2,3,2,3,3,4,4,4,5,5,5,4,4,4,4,4,4,4,3,3,5,1,1,1,1,1,3,4,3,3,2,3,4,4,5,4,4,4,3,3,3,4,3,4,3,3,3,3,4,3,3,4,3,2,2,3,3,4,3,4,4,4,3.13
91,23,2,RU,Social Work,1,18,100,5,3,0,2,5,4,5,5,5,5,5,5,5,3,4,5,3,5,5,4,5,5,5,5,4,3,4,5,4,5,5,3,5,5,5,5,4,4,4,5,5,5,5,5,5,4,4,4,4,2,3,4,3,4,4,3,4,5,5,5,5,5,5,5,5,5,4,3,4,3.45
92,23,2,RU,Social Work,1,18,100,5,3,0,2,5,4,5,2,5,5,2,5,5,3,5,4,2,4,5,5,5,4,2,4,4,1,4,4,1,4,5,1,5,4,4,4,4,4,4,5,5,5,5,5,5,4,4,4,4,4,5,4,4,4,4,5,4,5,5,5,4,2,4,5,5,5,3,1,2,3.38
93,23,2,RU,Social Work,1,18,100,5,3,0,2,4,4,4,3,4,5,4,5,5,1,5,5,5,5,4,2,5,5,4,5,3,1,2,4,2,3,5,2,4,5,2,4,4,3,4,5,5,5,5,3,5,4,3,4,5,4,5,4,4,4,4,4,4,5,5,5,5,4,5,4,4,4,2,1,2,3.18
94,23,1,RU,CSE,1,20,50,4,"4,1",1,5,4,4,5,4,5,5,3,5,5,2,5,5,5,5,4,4,4,4,4,4,4,2,2,4,2,4,4,3,4,4,4,4,3,3,4,4,4,4,4,3,4,3,2,3,4,3,4,2,1,2,4,4,4,4,4,4,4,3,4,2,1,2,1,1,1,3
95,23,1,RU,CSE,1,26,50,4,"4,1",2,6,2,1,5,4,5,5,2,5,5,2,5,4,3,4,3,1,3,4,3,4,4,3,2,4,2,1,4,2,4,3,1,2,2,1,2,2,1,2,2,1,1,2,1,1,2,1,1,2,1,2,1,1,1,1,1,1,1,1,1,1,1,1,1,1,1,3.33
96,23,1,RU,IER,1,10,53,6,"4,1",1,5,4,3,4,2,3,4,2,2,5,5,5,4,4,4,4,2,3,4,4,4,4,2,3,5,2,2,4,3,3,4,4,4,3,3,3,4,3,4,4,2,2,4,2,4,4,3,3,4,3,4,4,3,4,4,3,4,4,2,3,3,3,3,4,3,4,3.18
97,23,1,RU,M Studies,1,25,115,5,"3,1",0,3,4,3,4,4,2,4,3,2,5,4,5,4,4,2,4,2,3,4,2,2,3,2,3,5,1,2,4,1,2,4,4,3,4,3,3,4,4,3,4,3,1,4,2,2,3,2,2,4,2,3,4,5,4,5,5,4,5,2,2,4,4,3,3,2,2,3
98,24,1,RUET,CE,1,27,120,5,3,2,3,4,3,5,3,4,5,2,4,5,3,5,5,4,4,5,4,5,3,2,3,3,1,4,4,4,4,4,3,4,3,3,3,3,2,3,4,3,4,4,2,4,4,3,4,2,1,2,3,1,3,2,1,2,1,1,1,3,1,3,2,2,2,3,2,3,2.99
99,24,1,RUET,CE,1,27,120,5,3,1,4,3,2,5,3,5,5,2,5,4,5,4,3,3,3,3,3,3,3,3,3,1,1,3,3,3,3,4,2,3,3,3,4,3,3,3,4,4,4,3,3,3,3,3,3,3,3,3,4,3,4,4,4,4,2,2,2,4,4,4,4,4,4,3,3,3,2.32
100,21,1,RUET,ME,1,30,180,5,"2,1",0,2,4,3,5,3,4,5,3,4,5,4,5,5,3,5,4,5,4,5,5,5,4,4,4,5,5,5,5,4,4,5,4,5,5,5,5,4,4,4,5,4,5,5,4,5,5,4,5,5,4,5,3,4,3,3,3,3,5,5,5,5,5,5,5,4,5,3.2
101,23,1,RUET,ME,1,30,180,5,"2,1",0,2,3,1,4,4,4,4,3,4,4,3,4,3,2,3,3,2,3,3,3,4,4,4,4,4,4,4,5,4,4,4,4,4,3,2,3,3,2,3,3,2,3,3,2,3,3,2,3,3,3,3,2,2,2,1,1,1,4,2,4,3,2,3,3,3,3,3.15
102,22,1,RUET,CE,1,30,180,5,"2,1",0,2,4,5,5,3,5,5,2,5,5,5,5,4,2,4,4,3,4,3,2,3,2,1,2,5,3,5,4,2,5,4,3,4,3,2,3,5,3,5,3,3,3,3,3,3,2,1,2,4,2,4,3,2,3,2,1,2,3,2,3,4,3,4,4,4,4,2.81
103,21,1,RUET,CE,1,30,180,5,"2,1",2,1,4,4,5,3,5,5,3,5,3,1,3,3,2,3,4,2,4,4,2,4,3,1,3,3,2,3,4,3,4,4,2,4,3,2,3,3,1,3,3,2,3,4,2,4,4,2,4,3,2,3,4,2,3,3,2,4,3,2,3,3,2,3,4,2,4,2.87
104,21,1,RUET,EEE,1,45,180,5,"2,1",0,2,3,3,4,3,4,4,3,4,4,3,5,2,1,2,1,1,1,2,1,3,1,1,1,1,1,1,4,4,4,3,3,3,3,3,3,1,1,1,1,1,1,1,1,1,1,1,1,1,1,1,1,1,1,1,1,1,1,1,2,1,1,1,1,1,1,3.27
105,19,1,RUET,EEE,1,45,180,5,"2,1",0,2,3,3,5,2,5,4,1,4,2,1,2,2,2,3,2,1,2,2,1,2,2,1,2,3,1,2,4,1,3,4,1,3,3,3,3,3,1,3,3,1,3,3,1,2,2,1,2,2,1,2,3,3,3,2,1,2,2,1,2,1,1,1,1,1,1,3.42
106,21,1,RUET,EEE,1,45,180,5,"2,1",0,2,4,4,4,3,3,5,4,2,5,5,5,5,4,4,4,4,4,5,4,5,2,2,2,2,2,2,4,3,3,4,4,4,4,4,4,4,4,4,4,4,4,3,3,3,4,4,4,4,3,3,4,3,2,3,3,3,4,3,2,2,2,2,2,2,2,3
107,23,1,RUET,CE,1,25,65,5,"3,2",0,5,4,5,5,3,5,4,4,5,5,3,5,5,3,5,5,5,5,4,4,4,5,5,5,5,5,5,4,3,5,4,4,4,5,5,5,5,5,5,4,4,4,5,5,5,5,5,5,5,5,5,5,5,5,5,5,5,5,5,5,4,4,4,5,5,5,2.7
108,21,2,HSTU,DS,1,5,39,3,"2,2",1,2,5,5,5,3,5,4,3,4,5,4,5,5,5,5,5,5,5,5,5,5,4,2,4,4,3,4,3,2,4,5,5,5,4,4,4,5,4,5,5,5,5,5,5,5,5,5,5,5,5,5,5,5,5,5,5,5,5,5,5,5,5,5,4,4,4,3.56
109,22,2,HSTU,DS,1,5,39,3,"2,2",1,2,4,4,5,3,5,4,3,4,5,4,5,5,3,5,5,5,5,5,5,5,4,2,3,5,3,4,4,3,3,5,4,3,5,3,3,5,5,5,5,5,5,3,3,3,4,3,4,5,3,4,4,3,4,3,3,3,5,5,5,3,2,3,4,4,4,3.5
110,23,1,HSTU,DS,1,5,39,3,"2,2",1,2,4,4,3,4,4,2,4,4,4,3,4,2,4,5,4,4,4,4,4,5,2,4,5,4,4,5,2,4,4,4,4,5,3,3,4,4,4,4,4,4,4,4,4,4,4,4,4,4,3,5,3,4,5,4,4,4,4,4,5,4,4,4,4,4,4,2.9
111,23,1,HSTU,DS,1,5,39,3,"2,2",1,2,4,4,5,2,4,5,2,4,5,1,3,2,1,2,4,1,1,5,2,5,3,1,2,4,1,4,5,1,3,5,5,5,3,1,3,5,3,5,5,3,5,5,3,5,5,3,5,5,2,5,5,2,5,5,2,5,5,3,5,5,5,5,4,2,4,3.79
112,22,2,HSTU,DS,1,5,39,3,"2,2",1,2,4,4,5,1,3,3,5,3,5,5,5,1,1,1,5,5,5,5,5,5,1,1,1,3,1,3,1,1,1,4,4,4,4,4,4,5,5,5,5,4,5,5,5,5,5,5,5,5,5,5,5,5,5,5,5,5,5,5,5,5,5,5,5,5,5,3.63
113,22,2,HSTU,DS,1,5,39,3,"2,2",1,2,4,4,5,1,3,3,5,3,5,5,5,1,1,1,5,5,5,5,5,5,1,1,1,3,1,3,1,1,1,4,4,4,4,4,4,5,5,5,5,4,5,5,5,5,5,5,5,5,5,5,5,5,5,5,5,5,5,5,5,5,5,5,5,5,5,3.43
114,22,1,HSTU,DS,1,5,39,3,"2,2",1,2,5,4,5,3,4,4,2,3,5,2,3,4,2,4,4,3,4,4,3,4,4,2,4,4,2,4,3,2,3,4,3,4,4,4,4,5,5,5,5,5,5,4,4,4,5,5,5,5,5,5,4,4,5,5,5,5,4,4,4,4,2,4,4,3,5,3.21
115,22,1,HSTU,DS,1,5,39,3,"2,2",1,2,4,3,4,2,4,4,4,4,5,2,5,4,3,4,5,2,5,5,3,5,4,1,4,4,3,4,4,3,4,4,3,4,4,2,4,5,1,5,4,3,4,5,2,5,4,3,4,3,3,3,4,3,4,4,3,4,4,3,4,4,4,4,3,3,3,3.51
116,22,1,HSTU,DS,1,5,39,3,"2,2",1,2,5,4,5,3,5,5,4,5,5,2,5,4,2,5,5,3,5,4,2,4,4,1,4,5,3,5,3,2,4,4,4,4,4,2,4,5,2,5,5,3,5,3,2,4,4,4,4,4,2,4,4,3,4,3,2,3,4,2,4,4,4,4,1,1,1,3
117,22,2,HSTU,DS,1,5,39,3,"2,2",1,2,5,4,5,3,5,4,3,4,5,4,5,5,3,5,5,5,5,5,3,5,4,2,3,4,3,4,4,3,3,5,5,5,4,3,4,5,5,5,5,5,5,5,5,5,5,5,5,5,5,5,5,5,5,5,5,5,5,5,5,4,5,5,4,4,5,3.58
118,23,1,HSTU,DS,1,5,39,3,"2,2",1,2,4,4,4,3,4,4,3,4,4,3,4,4,3,4,4,3,4,5,2,5,2,2,2,2,2,1,3,3,2,3,2,3,2,2,2,3,2,3,3,2,3,3,2,3,2,4,3,3,3,3,4,3,2,2,3,3,2,3,2,4,3,2,2,2,3,3
119,24,1,HSTU,DS,1,5,39,3,"2,2",1,2,5,4,5,2,5,3,1,1,5,5,5,2,3,2,3,2,3,4,3,4,2,1,1,3,2,3,2,1,2,3,2,3,2,2,3,4,1,4,4,2,4,3,2,3,3,2,3,2,1,2,2,1,3,2,2,3,3,2,4,2,1,3,4,2,4,2.99
120,22,1,HSTU,DS,1,5,39,3,"2,2",1,2,5,5,5,4,5,5,3,5,4,3,5,5,3,5,5,3,5,5,3,5,3,3,3,5,5,5,5,5,5,5,5,5,5,5,5,5,5,5,5,5,5,5,5,5,5,5,5,5,5,5,5,5,5,5,5,5,5,4,5,4,4,4,5,5,5,3
121,21,1,HSTU,DS,1,5,39,3,"2,2",1,2,5,4,5,2,3,4,4,2,5,2,4,4,2,2,4,3,3,3,2,2,2,1,3,4,1,3,4,2,2,3,2,3,4,1,3,4,2,4,4,2,3,2,1,2,2,1,2,2,1,2,3,2,3,3,2,3,3,2,3,1,1,1,2,1,2,3
122,22,2,HSTU,DS,1,5,39,3,"2,2",1,2,5,5,5,4,5,5,5,4,5,3,5,5,5,5,5,4,5,4,3,4,3,1,2,5,5,5,5,5,5,5,5,5,5,5,5,5,5,5,5,5,5,5,5,5,5,5,5,5,5,5,5,5,5,5,5,5,5,5,5,5,5,5,5,5,5,3.2
123,23,1,HSTU,DS,1,5,39,3,"2,2",1,2,5,5,4,1,5,3,2,5,5,3,5,5,5,5,5,1,5,5,5,5,5,1,5,5,1,5,5,3,5,5,5,5,3,3,5,5,3,5,5,4,5,5,5,5,5,5,5,4,1,3,4,2,5,4,3,5,5,5,5,5,5,5,5,5,4,3.02
124,24,1,HSTU,DS,1,5,39,3,"2,2",1,2,4,4,3,2,2,1,3,3,4,1,3,5,3,4,5,2,5,3,2,2,1,1,4,2,2,2,3,3,4,4,2,3,3,4,5,5,5,4,5,4,4,5,5,5,4,4,4,5,5,5,4,5,3,5,4,5,4,5,4,5,4,5,4,5,5,3.08
125,23,2,HSTU,DS,1,5,39,3,"2,2",1,2,4,4,4,2,5,4,2,4,5,3,5,5,4,5,5,2,5,5,5,5,4,2,5,5,4,5,4,2,5,5,5,5,4,3,2,5,5,5,5,5,5,5,5,5,5,5,5,5,2,5,5,5,5,4,3,3,4,2,5,5,5,5,5,5,3,3.34
126,22,2,HSTU,DS,1,5,39,3,"2,2",1,2,4,3,4,2,5,4,2,4,5,3,5,5,4,5,4,2,5,5,5,5,4,3,5,5,4,5,4,3,5,5,5,5,4,3,3,5,5,5,5,5,5,5,5,5,5,4,5,5,5,5,5,3,5,4,3,3,4,2,4,5,5,5,5,5,5,3.48
127,23,1,HSTU,DS,1,5,39,3,"2,2",1,2,3,4,4,2,4,3,2,4,5,3,3,4,3,3,4,4,4,4,4,4,2,2,4,3,2,4,4,3,4,4,3,4,5,4,4,4,3,4,4,4,4,4,4,4,5,3,4,4,3,5,1,1,1,1,1,1,4,4,5,4,3,4,3,3,4,3.09
128,22,2,HSTU,DS,1,5,39,3,"2,2",1,2,5,4,5,3,3,4,3,3,4,5,5,4,5,5,5,4,4,5,5,5,3,1,1,5,5,3,5,5,5,5,5,5,4,3,5,5,5,5,5,4,5,5,4,5,5,5,5,5,4,5,5,4,5,5,4,5,5,3,5,5,4,5,5,4,5,3.11
129,21,2,HSTU,DS,1,5,39,3,"2,2",1,2,4,4,5,2,5,5,2,5,4,3,5,4,3,4,5,3,5,5,4,5,1,1,4,4,3,5,4,2,5,5,4,5,4,3,5,5,5,5,4,4,5,3,2,4,5,5,5,4,3,4,4,3,5,5,5,5,5,4,5,5,5,5,2,1,2,3.61
130,24,1,HSTU,DS,1,5,39,3,"2,2",1,2,5,5,4,3,4,3,3,3,4,3,4,3,3,3,3,3,3,3,3,3,3,3,3,3,3,3,2,2,2,3,3,3,3,3,3,4,4,4,4,4,4,4,4,4,4,4,4,3,3,3,3,3,3,5,5,5,4,4,4,4,4,4,3,3,3,2.8
131,22,2,HSTU,DS,1,5,39,3,"2,2",1,2,4,4,5,2,5,5,5,5,5,4,5,4,4,4,4,3,4,5,2,5,4,2,4,3,2,4,3,2,3,4,4,5,5,4,5,5,5,5,5,5,5,5,4,5,4,3,5,3,3,3,4,2,4,5,5,5,5,5,5,5,4,5,5,3,5,3.3
132,22,2,HSTU,DS,1,5,39,3,"2,2",1,2,5,4,5,3,5,5,3,5,5,2,5,5,4,5,5,4,5,5,5,5,4,3,4,5,4,5,4,2,5,5,3,5,4,4,4,5,4,4,5,4,5,5,3,5,5,3,5,5,3,4,5,5,5,5,5,5,5,4,5,4,3,5,4,2,4,2.84
133,22,2,HSTU,Marketing,1,7,78,5,"3,2",1,3,4,3,3,2,3,3,2,3,2,2,2,2,2,2,4,3,4,3,2,3,1,1,1,1,1,1,2,2,2,4,4,4,1,1,2,3,1,3,2,1,2,4,2,4,2,1,2,3,1,2,2,1,2,3,1,3,2,2,2,3,3,3,1,1,1,3.15
134,23,1,HSTU,Marketing,1,7,78,5,"3,2",1,3,3,2,3,1,2,2,1,2,3,1,2,3,1,2,2,1,2,2,1,2,1,1,1,1,1,1,4,3,2,1,1,1,2,2,2,3,2,3,3,3,2,2,2,2,3,3,3,2,1,2,2,1,2,1,1,1,2,1,2,2,1,1,1,1,1,3.06
135,24,1,HSTU,Marketing,1,7,78,5,"3,2",1,3,4,4,4,2,4,4,2,4,5,5,5,4,4,4,4,4,4,4,4,4,1,1,1,2,2,2,3,1,3,4,4,4,3,3,3,5,5,5,5,5,5,5,5,5,4,4,4,4,4,4,5,5,5,5,5,5,4,4,4,4,4,4,2,2,2,3.55
136,25,1,HSTU,Marketing,1,7,78,5,"3,2",1,3,4,5,4,3,4,3,2,3,4,2,4,4,3,4,5,4,5,4,4,4,4,1,1,4,2,1,3,3,3,4,4,4,3,2,3,5,4,5,4,4,4,4,4,4,4,4,4,5,3,4,3,2,4,4,3,4,3,3,4,4,4,4,4,4,4,3.47
137,25,1,HSTU,Marketing,1,7,78,5,"3,2",1,3,3,1,2,1,3,1,1,2,4,3,5,3,3,3,5,5,5,3,3,3,1,1,1,2,1,3,1,1,3,4,3,3,3,3,3,2,2,2,2,2,2,3,3,3,1,1,1,1,1,1,3,3,3,2,2,2,3,3,3,3,3,3,2,2,2,3.2
138,24,1,HSTU,Marketing,1,7,78,5,"3,2",1,3,3,3,4,2,3,3,3,4,4,1,3,3,1,3,3,2,2,4,1,2,2,1,4,3,3,4,4,2,4,5,3,5,3,2,2,4,2,5,4,2,4,4,1,4,3,1,3,3,2,3,4,1,4,4,2,4,3,2,3,4,3,4,2,1,1,3
139,24,1,HSTU,Marketing,1,7,78,5,"3,2",1,3,3,2,4,1,3,2,1,2,4,1,3,3,2,2,2,3,2,3,1,2,2,1,1,1,1,1,2,1,1,3,3,3,3,2,4,2,1,3,3,3,2,2,1,2,3,1,3,3,2,3,2,3,3,3,3,2,4,2,3,3,2,2,1,1,1,3.58
140,24,1,HSTU,Marketing,1,7,78,5,"3,2",1,3,4,4,4,4,5,4,5,4,5,5,5,4,4,4,5,5,5,4,3,5,2,1,3,3,2,4,2,1,3,4,3,4,2,2,2,3,4,3,3,4,3,3,3,3,3,3,3,1,1,2,1,1,1,1,1,1,5,4,5,4,3,3,5,4,4,3.15
141,24,2,HSTU,Marketing,1,7,78,5,"3,2",1,3,5,4,4,2,3,2,3,3,2,2,2,1,2,1,4,3,3,1,1,1,1,1,1,1,1,1,3,2,3,1,1,1,2,2,2,1,1,1,2,1,2,1,1,1,1,1,1,2,1,2,1,1,1,2,1,2,1,1,1,1,1,1,2,2,2,3.61
142,24,2,HSTU,Marketing,1,7,78,5,"3,2",1,3,4,3,3,2,3,2,3,2,3,1,3,3,3,3,4,3,4,3,2,3,1,1,1,1,1,1,1,1,1,2,2,2,2,2,2,3,2,3,4,3,4,4,3,4,2,1,2,3,2,3,3,2,3,3,3,3,1,1,1,1,1,1,1,1,1,3.36
143,23,1,HSTU,Marketing,1,7,78,5,"3,2",1,3,4,2,5,1,3,5,1,2,5,3,4,5,3,5,4,2,4,5,3,4,4,1,2,5,2,3,4,1,3,4,3,3,5,4,5,5,5,5,4,2,3,3,3,3,4,2,4,4,2,4,4,2,4,5,3,5,4,1,4,3,3,3,1,1,1,3.06
144,23,1,HSTU,Marketing,1,7,78,5,"3,2",1,3,4,3,4,3,4,3,2,3,4,2,4,4,2,4,4,2,4,5,3,5,4,1,1,4,2,3,3,1,3,4,3,4,4,3,4,4,2,4,5,3,4,4,3,4,4,2,4,2,1,2,3,1,2,4,2,3,4,1,3,4,2,4,4,1,3,3
145,24,1,HSTU,Marketing,1,7,78,5,"3,2",1,3,2,2,4,1,2,4,2,1,4,4,4,3,1,3,4,4,4,4,4,4,1,1,1,2,2,2,2,2,2,2,2,2,1,1,1,3,1,2,2,1,1,1,1,1,1,1,1,1,1,1,1,1,1,1,1,1,3,3,3,1,1,1,2,2,2,3
146,24,1,HSTU,Marketing,1,7,78,5,"3,2",1,3,3,3,4,4,4,3,2,5,5,4,5,5,4,4,5,4,4,3,2,5,1,1,1,1,1,1,1,1,1,1,1,1,2,1,2,5,4,5,3,2,1,2,3,1,1,2,1,4,4,4,1,1,1,2,2,3,2,4,4,3,3,2,1,1,1,2.99
147,24,2,HSTU,Marketing,1,7,78,5,"3,2",1,3,4,4,3,1,2,4,1,3,5,4,5,4,3,4,5,4,5,5,4,5,1,1,1,1,1,1,2,1,2,3,2,3,2,2,2,2,2,2,3,3,3,3,2,3,3,2,3,4,3,4,3,2,3,3,2,3,4,4,4,3,2,3,3,2,3,3.64
148,21,1,HSTU,Marketing,1,7,78,5,"3,2",1,3,5,3,4,1,2,3,1,2,4,2,3,2,2,2,2,2,2,2,2,2,1,1,1,1,1,1,4,1,1,1,1,1,1,1,1,3,4,4,2,3,2,3,3,3,4,3,4,4,4,4,3,2,4,4,3,4,2,2,2,4,2,4,4,3,4,3.3
149,24,1,HSTU,Marketing,1,7,78,5,"3,2",1,3,5,4,3,2,3,3,2,4,4,2,5,4,2,4,5,5,5,5,5,5,1,1,1,2,2,4,4,4,4,4,3,4,4,4,4,4,3,4,4,4,4,4,4,4,4,3,4,4,2,4,5,5,5,4,4,4,5,5,5,3,3,3,3,3,3,3.25
150,24,1,HSTU,Marketing,1,7,78,5,"3,2",1,3,3,3,4,1,3,3,1,3,4,3,4,3,3,3,4,4,4,4,3,4,2,1,1,3,1,1,3,1,2,3,3,3,2,2,2,4,4,4,3,2,3,3,3,3,2,2,2,3,2,3,3,3,3,3,3,3,3,3,3,2,2,2,3,3,3,3.4
151,23,1,HSTU,Marketing,1,7,78,5,"3,2",1,3,4,3,4,1,3,4,1,2,5,1,3,4,1,2,4,2,4,4,3,4,4,1,3,4,1,3,4,1,4,4,3,3,3,1,2,4,2,3,4,2,3,4,1,4,3,1,2,3,1,3,3,1,2,4,1,4,4,1,4,3,2,2,2,1,1,2.96
152,24,2,HSTU,Marketing,1,7,78,5,"3,2",1,3,4,4,4,2,4,4,1,3,4,4,4,3,1,2,5,5,5,4,4,4,4,1,1,4,1,2,3,1,4,5,5,5,3,1,3,5,5,5,4,3,4,4,4,4,4,3,4,4,2,4,5,3,5,5,5,5,4,4,4,4,4,4,3,3,3,3.16
153,24,2,HSTU,Marketing,1,7,78,5,"3,2",1,3,4,4,4,2,2,4,1,1,4,4,4,3,1,1,4,3,4,4,4,4,4,1,1,4,1,2,2,2,2,4,4,4,2,2,2,4,4,3,4,2,2,4,3,3,3,3,3,4,3,3,4,3,3,4,3,3,4,4,4,4,4,4,3,2,3,3
154,23,2,HSTU,Marketing,1,7,78,5,"3,2",1,3,4,3,4,2,3,3,1,2,4,4,4,3,2,3,4,2,3,3,2,3,1,1,1,1,1,1,4,3,2,3,2,2,2,1,1,3,3,3,2,1,1,2,1,1,2,1,1,2,1,1,1,1,1,2,1,1,3,1,1,2,1,1,1,1,1,3.52
155,24,2,HSTU,Marketing,1,7,78,5,"3,2",1,3,4,3,4,2,3,4,1,2,4,4,4,4,3,3,4,4,4,4,3,4,3,1,1,1,1,1,5,3,3,3,2,2,2,1,1,2,1,1,2,1,1,2,1,1,2,2,2,1,1,1,1,1,1,1,1,1,2,1,1,2,2,2,1,1,1,3.52
156,23,1,HSTU,Marketing,1,7,78,5,"3,2",1,3,5,4,4,3,4,4,2,4,4,1,3,5,2,4,4,1,3,4,2,4,2,1,2,3,1,3,4,3,4,5,4,5,4,3,4,4,3,4,5,4,4,4,3,4,4,2,4,2,1,2,2,1,2,3,1,2,4,1,3,3,2,3,2,1,1,3.4
157,24,1,HSTU,Marketing,1,7,78,5,"3,2",1,3,4,3,4,3,2,5,3,2,4,1,2,4,3,1,3,4,2,5,4,3,1,2,3,4,3,2,4,3,1,3,2,4,4,2,1,1,2,1,4,3,2,5,2,1,4,3,2,3,2,1,1,2,4,5,3,2,1,1,1,1,1,1,2,1,2,3.42
158,23,2,HSTU,Accounting,1,5,70,5,"3,2",1,3,4,4,4,2,3,4,2,3,3,2,2,4,2,3,2,1,2,3,2,3,3,1,1,3,2,2,3,1,3,4,1,3,2,1,1,3,2,3,2,1,1,1,1,1,2,1,1,2,1,1,1,1,1,1,1,1,3,2,2,3,2,2,4,2,3,3.52
159,24,1,HSTU,Accounting,1,5,70,5,"3,2",1,4,3,3,3,2,2,3,1,2,4,3,4,1,1,1,3,1,3,3,2,3,2,1,1,3,1,1,3,1,2,2,1,2,1,1,1,2,1,3,2,1,2,2,1,1,3,2,1,1,1,1,1,1,1,2,1,2,2,2,2,2,2,2,1,1,1,3.25
160,22,1,HSTU,Accounting,1,5,70,5,"3,2",1,4,2,1,3,1,2,3,1,2,5,2,4,5,1,3,5,1,3,5,1,3,4,2,1,1,1,1,2,1,1,3,1,3,4,1,3,1,1,1,1,1,1,1,1,1,1,1,1,1,1,1,1,1,1,1,1,1,1,1,1,2,2,2,1,1,1,3.45
161,25,1,HSTU,Accounting,1,5,70,5,"3,2",1,4,5,4,5,3,4,4,3,4,5,3,4,5,5,4,5,4,5,4,3,4,2,1,2,3,2,3,4,3,4,5,4,4,4,3,4,4,3,4,4,3,4,4,2,4,3,3,3,3,2,3,4,1,2,3,1,3,3,2,3,3,1,2,3,1,3,2.84
162,24,1,HSTU,Accounting,1,5,70,5,"3,2",1,4,3,3,4,2,4,4,4,3,5,3,5,5,5,5,5,5,5,5,5,5,1,1,1,1,1,1,3,1,3,5,2,4,1,1,1,5,5,5,2,1,2,4,2,4,2,1,2,4,2,1,3,2,4,1,2,3,2,1,3,4,2,3,3,1,4,3.36
163,23,2,HSTU,Accounting,1,5,70,5,"3,2",1,4,4,2,5,1,5,3,1,3,4,1,5,4,1,4,4,1,4,3,1,4,1,1,1,1,1,1,2,1,2,2,1,2,1,1,2,3,1,3,3,1,3,1,1,2,1,1,1,1,1,1,1,1,1,2,1,3,3,1,3,4,1,4,5,1,5,3
164,25,1,HSTU,Accounting,1,5,70,5,"3,2",1,4,4,2,4,2,4,4,2,4,4,2,4,4,1,4,4,1,4,4,2,4,3,1,2,3,1,3,2,1,2,4,4,4,3,1,3,4,2,4,4,2,4,3,1,3,3,2,3,3,2,3,4,2,4,3,2,3,3,2,3,3,2,3,2,1,2,3.4
165,23,2,HSTU,Accounting,1,5,70,5,"3,2",1,4,4,4,5,1,3,4,1,2,4,1,3,3,1,2,4,1,3,4,1,4,4,1,3,4,1,4,4,1,3,4,1,4,4,1,4,5,3,5,5,3,4,4,3,4,4,3,4,3,2,3,3,1,2,2,1,2,4,1,4,3,1,3,3,1,3,3.41
166,24,1,HSTU,Accounting,1,5,70,5,"3,2",1,4,3,3,4,1,2,2,1,1,4,4,4,2,2,2,2,2,2,3,1,3,1,1,1,1,1,1,2,1,1,2,2,2,3,3,3,3,3,3,3,1,3,3,2,2,2,2,2,3,3,3,2,2,2,3,2,2,4,3,2,2,2,2,3,3,3,3.21
167,23,1,HSTU,Accounting,1,5,70,5,"3,2",1,4,4,4,4,2,3,4,5,3,2,2,3,2,1,2,3,2,2,3,1,4,2,3,4,4,4,4,3,2,3,1,2,2,2,3,2,3,1,2,2,1,1,2,2,2,1,2,2,4,2,2,4,3,3,2,4,2,4,3,4,2,1,2,1,1,1,3.5
168,24,2,HSTU,Accounting,1,5,70,5,"3,2",1,4,5,5,5,3,5,5,1,4,5,5,5,5,5,5,5,5,5,5,5,5,1,1,1,4,1,3,2,1,1,5,5,5,1,1,1,5,5,5,3,1,2,3,1,1,4,1,4,5,1,5,5,2,3,4,2,4,5,5,5,5,5,5,5,5,5,3.01
169,23,1,HSTU,Accounting,1,5,70,5,"3,2",1,4,4,4,5,2,4,4,1,2,4,2,3,4,2,3,5,1,4,4,2,4,3,1,3,3,1,3,4,2,3,4,2,3,3,1,3,3,1,3,3,1,3,3,1,3,3,1,3,3,1,3,2,1,3,2,1,2,4,1,3,3,1,3,4,1,3,3.1
170,23,2,HSTU,Accounting,1,5,70,5,"3,2",1,4,4,2,5,2,5,5,1,3,4,1,5,4,2,4,5,3,5,3,1,4,1,1,1,1,1,1,1,1,2,2,1,2,1,1,1,1,1,2,3,2,3,1,1,2,2,1,2,2,1,3,3,1,3,3,1,3,4,4,4,5,5,5,4,3,5,3.15
171,24,2,HSTU,Accounting,1,5,70,5,"3,2",1,4,5,5,5,3,5,5,1,5,5,5,5,5,5,5,5,5,5,5,5,5,1,1,1,3,1,3,2,1,2,5,5,5,1,1,1,5,5,5,2,1,2,2,1,2,4,1,4,5,1,5,2,1,2,4,2,4,5,2,5,5,5,5,5,2,5,3.05
172,24,2,HSTU,Accounting,1,5,70,5,"3,2",1,4,5,5,5,4,5,5,3,4,5,5,5,5,5,5,5,4,5,5,5,5,4,4,4,5,5,5,2,1,1,5,5,5,1,1,1,5,5,5,3,2,3,5,1,3,4,2,3,5,4,5,5,4,5,5,4,4,5,5,5,5,5,5,5,4,5,3
173,24,2,HSTU,Accounting,1,5,70,5,"3,2",1,4,4,3,4,1,4,4,1,3,4,1,4,1,1,2,2,1,2,2,1,2,1,1,1,1,1,1,2,1,2,2,1,2,2,1,2,3,1,3,2,1,2,3,1,3,2,1,2,2,1,2,2,1,2,2,1,2,2,1,2,2,1,2,2,1,2,3.3
174,23,1,HSTU,Accounting,1,5,70,5,"3,2",1,4,4,4,4,1,4,4,1,4,3,1,2,4,1,2,4,1,3,3,1,3,2,1,1,3,1,3,3,1,3,3,1,4,2,1,3,3,1,4,3,1,3,2,1,2,2,1,2,3,1,2,1,1,1,1,1,1,4,3,4,3,2,3,1,1,1,2.98
175,24,1,HSTU,Accounting,1,5,70,5,"3,2",1,4,3,3,3,2,2,2,2,2,5,5,5,1,1,1,1,1,1,2,2,2,1,1,1,1,1,1,2,2,2,2,2,2,1,1,1,2,2,2,2,2,2,3,2,2,2,2,2,1,1,1,1,1,1,1,1,1,2,2,2,3,3,3,2,2,2,3.41
176,23,1,HSTU,Accounting,1,5,70,5,"3,2",1,4,4,2,4,3,4,2,1,4,4,3,4,2,2,2,5,5,5,3,2,3,1,1,1,1,1,1,1,1,1,4,2,1,1,1,1,2,1,1,3,1,3,3,2,3,1,1,1,4,3,4,4,1,4,1,1,1,2,2,2,5,5,5,2,1,1,3.56
177,24,1,HSTU,Accounting,1,5,70,5,"3,2",1,4,4,2,4,3,4,2,1,2,3,3,3,2,2,2,5,5,5,2,2,2,1,1,1,1,1,1,1,1,1,4,2,4,1,1,1,1,1,1,3,1,3,3,1,3,2,1,1,2,1,1,4,1,4,1,1,1,1,1,1,5,5,5,1,1,1,3.53
178,22,2,HSTU,Accounting,1,5,70,5,"3,2",1,4,4,4,4,3,2,4,3,2,4,2,3,1,2,2,1,1,1,2,2,2,1,1,1,1,1,1,2,2,2,2,2,2,3,2,1,3,3,3,1,1,1,1,1,1,3,2,1,1,1,1,3,3,3,3,3,3,1,1,1,1,1,1,3,3,3,3.15
179,22,1,HSTU,Accounting,1,5,70,5,"3,2",1,4,4,4,4,3,4,4,1,2,3,3,3,2,1,2,2,1,2,2,1,2,1,1,1,1,1,1,2,1,2,3,2,3,3,1,1,3,2,3,3,2,3,3,2,3,2,1,2,2,1,2,4,2,4,4,2,4,3,2,3,2,1,2,3,1,3,3.69
180,23,2,HSTU,Accounting,1,5,70,5,"3,2",1,4,3,1,4,1,4,3,1,3,2,1,3,1,1,2,3,1,2,3,1,3,1,1,1,1,1,1,2,1,2,1,1,1,2,1,1,3,1,1,4,3,5,4,2,4,2,2,2,1,1,1,4,4,4,2,4,5,2,1,2,2,5,2,2,2,2,3.5
181,23,1,HSTU,Accounting,1,5,70,5,"3,2",1,4,3,1,4,1,4,3,1,3,5,3,5,3,1,3,5,5,5,3,2,3,3,1,2,3,1,2,2,1,3,3,1,3,1,1,1,3,2,3,3,1,3,2,1,1,1,1,1,1,1,1,2,1,2,3,1,3,2,1,3,1,1,1,1,1,1,3.3
182,23,1,HSTU,Accounting,1,5,70,5,"3,2",1,4,4,3,4,4,4,3,2,3,3,2,3,2,2,2,2,2,2,5,5,6,1,1,1,1,1,1,1,1,1,5,5,5,3,3,3,5,5,5,3,3,3,1,1,1,2,2,2,1,1,2,1,1,1,1,1,1,3,3,3,1,1,1,2,1,2,3.21
183,24,1,HSTU,Accounting,1,5,70,5,"3,2",1,4,3,2,4,1,3,2,4,2,4,2,2,4,1,2,2,1,1,1,1,1,1,1,1,1,1,1,1,1,1,1,1,1,2,1,1,1,1,1,1,1,1,1,1,1,1,1,1,1,1,1,1,1,1,1,1,1,1,1,1,1,1,1,1,1,1,3.57
184,23,2,HSTU,Accounting,1,5,70,5,"3,2",1,4,4,3,4,3,5,3,3,4,5,3,5,2,1,3,4,2,4,4,2,4,1,1,1,2,1,3,2,2,2,4,3,4,1,1,1,2,1,3,1,1,1,1,1,1,2,3,2,2,2,2,1,1,1,1,1,1,4,4,4,5,5,5,2,1,2,3.36
185,22,2,HSTU,Accounting,1,5,70,5,"3,2",1,4,5,4,3,2,3,3,2,3,5,4,5,5,4,5,5,4,5,5,4,5,1,1,1,3,3,4,4,4,4,5,5,5,5,4,4,5,2,4,5,5,5,5,3,5,5,2,5,5,2,5,5,4,5,4,4,4,4,4,4,4,4,4,5,3,5,3.48
186,24,2,HSTU,Accounting,1,5,70,5,"3,2",1,4,4,4,4,2,3,3,3,3,5,5,5,5,5,5,5,5,5,4,4,4,2,2,2,5,5,5,5,4,4,5,5,5,5,5,5,5,5,5,5,5,5,5,4,5,5,5,5,5,4,5,5,5,5,5,4,5,5,4,5,4,4,4,4,4,4,3.45
187,23,1,RU,Chemistry,1,34,90,5,"4,2",0,7,1,2,4,1,2,3,4,1,1,2,1,2,2,2,2,2,2,1,1,1,4,1,2,1,0,1,3,1,2,1,1,1,4,3,4,4,3,4,2,1,2,2,1,2,1,1,1,1,1,1,1,1,1,1,1,1,1,1,1,2,1,4,3,1,5,3.17
188,23,1,HSTU,Sociology,1,5,110,6,"3,2",1,4,4,4,4,2,4,3,4,5,5,2,4,4,3,4,5,4,5,5,5,5,2,2,3,3,3,4,4,2,4,5,5,5,4,3,4,3,3,3,3,2,3,1,1,2,1,1,3,2,1,3,3,2,3,3,3,5,2,2,4,4,1,4,5,1,5,3.51
189,25,1,HSTU,Sociology,1,5,110,6,"3,2",1,5,1,2,1,1,2,1,2,1,2,4,2,3,3,3,4,3,2,2,2,1,1,1,1,1,1,1,3,3,4,3,3,3,1,2,1,4,3,4,2,2,1,3,4,2,3,4,4,4,3,3,1,1,1,4,3,5,3,3,2,1,1,1,2,1,3,3.2
190,23,2,HSTU,Sociology,1,7,103,5,"3,2",1,4,5,5,3,1,4,2,2,2,4,4,4,1,1,1,4,4,4,3,3,3,1,1,1,4,4,4,4,4,4,5,5,5,3,3,3,5,5,5,5,5,5,5,5,5,4,4,4,3,3,3,4,4,4,5,5,5,3,3,3,5,5,5,3,3,3,3.58
191,22,2,HSTU,Sociology,1,5,110,5,"3,2",1,4,4,3,1,1,2,1,1,1,4,3,5,4,4,5,5,5,5,5,5,5,1,1,2,1,1,2,1,1,1,1,1,1,1,1,1,5,5,5,4,2,5,1,1,1,1,1,2,1,1,3,1,2,3,5,3,5,5,4,5,3,4,3,2,1,3,3.37
192,24,1,HSTU,Sociology,1,6,102,5,"3,2",1,4,3,2,3,1,2,3,2,1,4,3,3,3,3,3,3,2,3,4,3,3,2,1,2,1,1,1,1,3,2,4,3,3,1,1,1,5,3,5,2,3,2,3,3,3,1,1,2,3,2,3,3,2,1,2,1,2,3,1,4,1,1,2,1,1,2,3
193,25,1,HSTU,Sociology,1,6,102,5,"3,2",1,4,4,4,3,1,2,2,1,2,3,2,3,2,1,1,2,1,2,3,2,3,1,1,1,1,1,1,1,1,1,2,2,2,2,2,2,2,1,2,4,3,4,3,2,3,3,1,2,4,2,4,4,1,4,5,1,5,3,1,3,4,1,4,5,1,5,3.1
194,23,2,HSTU,Sociology,1,5,104,5,"3,2",1,4,3,4,2,1,2,1,1,1,4,4,4,3,3,3,4,2,4,5,4,5,1,1,1,2,1,3,2,1,3,2,2,2,1,1,1,4,3,4,3,2,4,4,3,4,2,1,5,2,1,2,4,4,5,2,1,3,5,4,5,4,2,5,3,3,3,3.05
195,23,2,HSTU,Sociology,1,5,104,5,"3,2",1,4,4,5,3,1,4,2,1,4,4,4,4,3,2,3,4,4,4,5,5,5,1,1,1,2,1,3,3,1,4,4,4,4,2,1,2,4,3,5,4,4,5,4,3,4,4,3,5,2,1,2,4,3,4,4,3,5,4,4,5,5,3,5,3,3,3,3.6
196,23,2,HSTU,Sociology,1,5,110,5,"3,2",1,4,4,4,5,2,5,4,1,3,4,2,3,5,4,5,3,2,2,5,5,5,1,1,1,4,4,4,4,2,4,5,5,5,5,3,4,55,5,5,5,5,5,4,3,4,5,4,5,4,3,4,4,3,4,4,3,4,5,4,5,5,3,5,5,4,5,3.48
197,23,2,HSTU,Sociology,1,5,110,5,"3,2",1,4,5,5,4,3,4,3,2,4,4,3,4,4,4,4,3,2,4,5,5,5,3,2,3,3,3,3,3,2,3,5,5,5,4,3,4,5,5,5,5,4,5,4,3,4,5,3,5,4,3,4,5,3,5,5,5,5,5,4,5,4,3,4,5,4,5,3.23
198,22,2,HSTU,Sociology,1,5,110,5,"3,2",1,4,4,3,3,2,3,4,3,5,3,2,4,4,3,5,5,2,4,4,3,5,2,3,4,4,3,5,5,2,4,4,3,5,4,3,2,3,2,4,4,2,3,3,2,5,4,3,4,5,2,4,4,3,5,4,2,5,5,3,4,5,3,5,5,3,4,3
199,22,2,HSTU,Sociology,1,6,102,5,"3,2",1,4,4,3,3,2,4,2,3,3,4,5,4,4,4,4,4,2,4,4,4,4,2,2,3,3,3,4,2,2,3,3,2,4,2,2,2,3,3,4,3,2,4,3,3,3,3,2,4,3,2,3,3,3,3,3,3,4,4,3,4,4,2,4,2,2,4,3.48
200,23,2,HSTU,Sociology,1,6,102,5,"3,2",1,4,4,4,2,2,4,2,3,4,3,2,4,4,4,4,4,3,3,3,3,3,1,1,2,1,1,3,1,1,2,3,2,4,1,1,1,2,2,3,2,2,4,2,1,3,2,1,3,2,1,2,2,2,3,2,3,3,3,3,3,2,1,3,2,1,4,3.31
201,25,1,HSTU,Sociology,1,5,102,5,"3,2",1,4,5,3,3,2,4,2,1,4,5,3,5,5,3,5,4,5,4,3,4,5,3,1,4,2,1,4,2,1,4,4,3,5,3,1,4,5,4,5,5,4,5,3,1,4,4,3,5,2,3,5,4,1,5,5,4,5,3,2,4,5,5,5,4,5,5,3.1
202,24,1,HSTU,Sociology,1,7,103,5,"3,2",1,4,5,5,3,1,4,2,2,2,4,4,4,1,1,1,4,4,4,4,4,4,1,1,1,4,4,4,3,3,3,4,4,4,4,4,4,5,5,5,4,4,4,5,5,5,5,5,5,4,3,4,4,4,4,5,5,5,5,3,5,5,4,5,5,3,5,3.03
203,23,2,HSTU,Sociology,1,6,102,6,"3,2",1,4,4,3,1,1,1,1,1,1,4,2,4,3,3,3,4,4,4,3,3,3,2,2,3,1,1,2,1,1,2,3,2,3,1,1,1,1,1,1,1,2,3,1,1,1,2,1,3,3,2,4,2,1,3,1,1,1,2,3,4,2,1,4,1,2,3,3.3
204,23,1,HSTU,Sociology,1,5,102,6,"3,2",1,4,5,4,3,5,2,1,1,1,5,5,5,5,5,5,5,5,5,5,5,5,1,1,1,3,1,4,1,1,1,4,4,4,3,3,3,5,5,5,4,3,5,5,5,5,5,5,5,5,5,5,3,3,3,5,5,5,5,5,5,5,5,5,4,3,5,3.18
205,24,1,HSTU,Sociology,1,6,102,6,"3,2",1,4,4,4,4,1,4,1,1,3,4,1,4,3,1,4,3,1,3,5,1,4,2,1,3,5,1,5,3,1,4,5,1,3,4,1,2,5,5,5,4,3,4,4,2,4,4,2,5,3,1,3,5,2,4,4,2,3,5,2,3,4,1,2,5,1,4,2.94
206,23,2,HSTU,Sociology,1,6,102,5,"3,2",1,4,4,4,2,3,4,2,3,2,4,4,4,4,4,4,4,4,4,4,4,4,1,2,3,2,3,3,2,3,3,3,3,3,1,1,1,3,3,3,2,2,3,2,1,3,2,1,4,2,1,2,3,2,3,2,3,3,3,3,3,2,2,4,3,3,4,3.16
207,23,2,HSTU,Sociology,1,5,106,5,"3,2",1,4,4,3,1,1,2,1,1,1,4,3,5,2,2,2,5,5,5,5,5,5,1,1,2,1,1,3,1,1,1,4,3,5,1,1,1,5,5,5,4,2,5,3,2,5,3,2,5,2,2,5,1,1,4,1,1,5,4,3,5,5,5,5,1,1,5,3.39
208,21,2,HSTU,Sociology,1,6,106,6,"3,2",1,4,5,4,1,1,2,1,1,3,5,5,5,2,1,3,2,1,4,5,5,5,1,1,3,3,1,3,5,3,5,3,4,5,1,1,3,5,5,5,5,4,5,5,3,5,5,5,5,3,1,3,3,1,4,5,4,5,4,3,5,3,1,4,5,1,5,3.5
209,22,1,HSTU,Sociology,1,5,102,6,"3,2",1,4,4,3,2,2,5,2,3,3,2,3,4,2,2,2,1,1,1,1,2,1,1,2,2,1,2,4,1,1,3,1,1,1,1,1,1,3,3,3,1,1,1,1,2,2,1,1,3,1,2,3,1,1,1,1,2,2,2,1,3,2,3,4,1,2,1,3.23
210,23,2,HSTU,Sociology,1,6,110,6,"3,2",1,4,4,4,3,2,4,3,1,4,4,1,4,2,1,3,3,2,3,4,4,5,3,3,4,4,3,5,3,2,4,4,4,4,3,2,3,3,3,5,3,3,4,3,1,3,4,3,5,2,1,2,2,1,3,2,1,4,3,2,5,3,1,5,3,2,5,3.35
211,23,2,HSTU,Sociology,1,6,110,5,"3,2",1,4,3,4,3,2,4,3,1,4,4,3,5,4,1,4,5,4,4,5,3,5,1,1,3,2,1,2,2,1,3,3,1,4,3,1,3,4,2,4,4,2,4,3,1,3,3,1,3,2,1,3,2,1,2,2,1,3,4,2,4,4,1,4,1,1,2,3.3
212,23,2,HSTU,Sociology,1,6,110,6,"3,2",1,4,4,4,3,2,4,2,1,4,4,3,5,5,3,4,5,4,5,5,4,5,2,1,3,2,1,3,3,2,4,3,2,4,3,2,4,3,2,4,3,2,4,3,2,4,3,2,4,3,2,4,4,2,5,3,2,4,3,2,5,3,2,5,3,2,5,3.22
213,23,1,HSTU,Sociology,1,6,121,5,"3,2",1,4,4,4,3,2,5,2,3,5,2,3,4,2,3,5,2,3,5,2,2,5,2,2,5,2,2,5,3,2,5,3,2,5,3,2,5,3,2,5,3,3,5,3,3,5,3,3,5,3,3,5,2,3,5,2,3,5,2,3,4,3,2,4,4,5,3,3.1
214,22,2,HSTU,Sociology,1,6,103,6,"3,2",1,4,4,4,4,3,4,1,1,2,2,4,4,4,4,4,4,3,3,3,2,4,2,1,1,1,1,1,1,1,1,3,2,2,2,1,2,3,1,3,2,1,2,1,1,1,2,1,2,1,1,1,1,1,1,2,1,2,3,2,3,3,1,3,3,3,2,3.44
215,22,2,HSTU,Sociology,1,6,103,6,"3,2",1,4,4,2,3,2,4,2,2,2,4,3,5,4,3,4,5,4,3,4,4,4,2,1,2,1,1,3,1,1,1,3,3,4,2,1,2,2,1,3,3,2,4,2,1,3,2,1,4,3,1,4,3,2,5,3,2,5,4,3,4,2,1,4,2,1,5,3.51
216,23,1,HSTU,Sociology,1,6,103,6,"3,2",1,4,4,3,4,1,1,2,2,3,5,3,1,4,3,3,4,2,1,4,4,1,2,1,1,1,1,1,1,1,1,3,1,1,1,1,1,3,1,3,3,2,3,2,1,3,2,1,2,1,1,1,3,1,3,1,1,1,2,1,3,1,1,1,3,2,4,3.36
217,24,1,HSTU,ME,1,4,51,4,"3,1",1,3,4,4,3,1,2,2,1,2,1,1,1,3,1,2,5,5,5,4,3,4,1,1,1,2,1,1,3,3,3,4,3,4,2,1,3,5,5,5,5,5,5,4,2,4,5,5,5,5,4,5,4,4,4,4,4,4,4,3,4,4,2,4,5,1,5,2.75
218,24,1,HSTU,ME,1,5,51,5,"3,1",1,3,2,2,4,2,3,1,1,1,3,2,2,2,2,2,4,3,4,4,2,2,2,1,3,2,2,2,3,1,2,2,2,2,1,1,1,3,1,2,2,1,1,2,2,2,2,3,1,2,1,1,1,1,1,1,1,1,2,2,2,2,2,2,3,3,2,3.1
219,21,1,HSTU,ME,1,7,51,5,"3,1",1,3,3,4,5,2,3,5,3,3,5,2,3,4,2,3,5,5,5,5,3,5,4,3,4,5,4,5,5,1,3,4,1,4,5,1,3,4,1,3,3,2,3,5,3,5,5,2,5,5,2,4,2,2,2,1,1,1,4,2,4,3,1,3,4,1,4,3
220,21,1,HSTU,ME,1,7,51,5,"3,1",1,3,3,2,4,3,4,2,2,3,4,3,4,3,3,3,3,4,4,3,3,4,1,1,1,2,2,2,2,2,2,3,3,3,2,2,2,3,3,3,3,2,4,3,2,3,3,2,3,2,2,2,2,2,2,2,2,2,3,2,4,2,2,2,2,2,2,2.8
221,23,1,HSTU,ME,1,7,51,5,"3,1",1,3,3,3,2,2,3,3,3,3,3,3,3,3,3,3,4,4,4,3,3,3,1,1,1,1,1,1,2,5,2,3,3,3,3,3,3,2,2,2,3,3,4,2,2,2,3,3,3,2,2,2,2,2,2,2,2,2,2,2,2,1,1,1,1,1,1,3.38
222,23,1,HSTU,ME,1,7,57,5,"3,1",1,3,3,3,2,1,1,1,1,1,3,2,3,3,2,3,3,3,3,2,2,2,1,1,1,1,1,1,1,1,1,1,1,1,1,1,1,1,1,1,1,1,1,1,1,1,5,5,5,5,5,5,2,2,2,2,1,1,2,1,1,1,1,1,1,1,1,3.39
223,23,1,HSTU,ME,1,7,51,5,"3,1",1,3,3,2,2,1,3,3,2,3,3,1,3,2,1,2,3,2,2,3,2,3,2,1,3,3,2,3,2,2,2,2,1,1,1,1,2,3,1,2,3,1,2,3,2,3,1,1,3,2,1,2,2,1,2,2,1,2,2,2,2,2,2,2,1,1,2,3.2
224,22,1,HSTU,ME,1,7,51,5,"3,1",1,3,3,3,1,2,1,1,2,1,3,4,3,1,3,1,2,4,3,1,1,1,1,1,1,1,1,2,1,1,1,2,2,1,1,1,1,3,3,3,2,2,2,1,1,2,2,3,3,1,1,1,2,2,2,2,2,2,1,1,1,1,1,1,2,2,2,3.2
225,22,1,HSTU,ME,1,5,51,5,"3,1",1,3,4,4,5,3,4,5,4,4,4,4,5,4,4,5,5,5,3,4,3,4,2,1,1,2,1,1,3,2,3,4,3,4,4,2,4,5,3,5,3,2,3,3,2,4,5,2,5,4,3,4,4,2,4,5,4,5,4,2,3,1,1,2,1,1,1,3.2
226,23,1,HSTU,ME,1,5,51,5,"3,1",1,3,3,3,3,3,3,1,4,1,3,3,3,2,3,3,3,3,3,3,3,3,1,1,1,1,1,1,2,2,2,3,3,3,1,1,1,3,4,4,3,3,3,3,3,3,4,3,4,2,3,2,1,1,1,2,3,2,2,3,2,1,1,1,2,2,3,3.36
227,23,1,HSTU,ME,1,5,51,5,"3,1",1,3,3,4,5,3,4,5,3,4,4,3,4,5,5,5,5,5,3,3,3,3,2,1,2,3,1,2,3,1,3,3,1,2,4,2,4,4,1,3,4,2,3,5,1,4,5,4,3,3,1,3,4,1,4,4,1,3,5,2,4,4,1,2,3,1,3,3.25
228,23,1,HSTU,ME,1,7,51,5,"3,1",1,3,3,2,5,2,3,4,2,2,5,3,5,4,3,3,5,2,5,5,2,3,4,3,5,5,3,4,4,2,3,4,3,2,2,1,1,3,2,3,4,1,2,3,1,2,1,1,1,1,1,1,1,1,1,1,1,1,3,2,2,2,2,2,1,1,1,3.23
229,23,1,HSTU,ME,1,7,54,4,"3,1",1,3,4,1,3,1,4,4,5,2,3,1,3,1,2,1,1,3,1,3,1,3,1,1,1,3,2,4,1,1,1,3,2,2,1,1,1,2,2,1,4,2,3,3,1,2,1,1,1,2,1,2,1,1,1,1,1,1,4,1,1,3,1,1,1,1,1,3.32
230,22,1,HSTU,ME,1,7,51,5,"3,1",1,3,4,4,2,1,3,1,1,2,3,4,3,2,3,4,3,4,2,2,2,3,1,1,2,2,1,2,1,1,2,4,3,2,2,2,3,2,3,2,3,2,2,1,1,2,1,2,3,1,1,1,3,4,2,3,3,1,2,3,2,2,2,2,1,1,1,3.1
231,22,2,HSTU,ME,1,7,54,5,"3,1",1,3,3,2,2,1,3,1,1,3,2,3,4,2,3,3,5,3,4,3,3,4,1,1,2,3,1,4,3,1,3,2,1,3,1,1,3,1,1,4,1,2,3,1,3,2,1,1,3,1,2,2,3,5,4,1,4,3,2,1,3,1,1,1,1,1,1,3.2
232,23,1,HSTU,Management,1,6,70,5,"3,2",1,5,4,4,4,3,3,2,1,2,3,2,2,2,3,2,3,2,2,3,1,2,1,1,1,1,1,1,1,1,1,1,1,1,1,1,1,1,1,1,1,1,1,1,1,1,1,1,1,1,1,1,1,1,1,1,1,1,1,1,1,1,1,1,1,1,1,3.36
233,23,1,HSTU,Agriculture,1,89,410,5,"3,2",1,4,2,3,3,2,3,2,1,2,2,1,2,1,1,1,3,3,2,2,1,2,1,1,1,1,1,1,1,1,1,1,1,1,3,3,3,2,1,2,1,1,1,2,1,2,1,1,1,2,2,2,1,1,1,1,1,1,2,2,2,1,1,1,2,1,2,3.41
234,24,1,HSTU,Accounting,1,4,70,5,"3,2",1,4,4,3,4,2,4,4,3,2,3,4,2,4,3,3,5,2,3,2,2,2,1,1,1,1,1,1,3,2,3,4,3,4,4,4,4,5,4,5,4,3,4,3,2,3,4,3,3,2,2,2,4,3,4,3,2,3,4,3,4,3,4,3,4,2,3,3
235,24,1,HSTU,Fisheries,1,3,120,5,"3,2",1,4,4,4,4,3,5,4,4,4,3,4,5,4,3,4,2,1,2,4,2,4,4,2,3,5,3,3,3,3,3,3,2,2,2,2,3,3,2,3,4,3,4,3,2,2,3,2,3,2,1,1,1,2,2,2,1,1,4,3,3,4,2,3,3,1,2,3.11
236,23,1,HSTU,Food process,1,19,62,6,"3,2",1,5,4,5,4,3,2,3,4,2,2,2,2,2,3,3,4,4,5,5,4,2,5,4,2,5,4,5,2,5,4,4,3,5,4,4,4,4,4,5,4,4,5,2,2,2,2,5,2,2,5,2,2,5,4,2,5,4,4,4,3,4,2,2,4,2,2,3.2
237,23,1,HSTU,Accounting,1,4,72,6,"3,2",1,4,4,5,4,4,3,2,2,3,5,4,5,3,3,3,5,5,4,4,4,4,3,2,2,4,4,4,3,3,2,4,4,4,4,4,3,5,5,5,5,4,5,5,5,5,4,4,4,5,4,5,4,4,4,5,4,5,5,5,5,4,4,4,3,3,3,3.34
238,23,2,HSTU,Accounting,1,4,78,6,"3,2",1,4,5,2,4,2,13,4,2,2,3,1,3,3,1,3,4,1,4,4,1,4,1,1,1,1,1,1,1,1,1,2,1,1,2,1,1,1,1,1,1,1,1,1,1,1,1,1,1,1,1,1,1,1,1,1,1,1,4,1,4,1,1,1,1,1,1,3.13
239,22,2,HSTU,Accounting,1,5,78,6,"3,2",1,4,4,3,4,2,3,4,2,2,5,1,3,4,1,4,4,1,4,4,3,4,1,1,1,1,1,1,3,1,3,4,1,3,3,1,4,4,1,4,4,1,4,4,3,4,3,1,3,3,1,4,2,1,2,4,3,4,3,1,3,3,1,3,4,2,4,3.58
240,24,1,HSTU,Accounting,1,5,70,5,"3,2",1,4,3,1,4,3,3,2,3,2,2,2,3,3,2,3,3,1,2,3,2,2,2,1,1,1,1,1,1,1,1,2,1,1,1,1,1,2,1,1,2,2,2,1,1,1,2,1,2,1,1,1,2,1,1,1,1,1,1,1,1,1,1,1,1,1,1,3.26
241,25,1,HSTU,Accounting,1,5,70,5,"3,2",1,4,3,1,4,2,3,1,3,2,2,2,3,1,1,1,2,3,3,1,1,1,1,1,1,1,1,1,1,1,1,1,1,1,1,1,1,1,1,1,1,1,1,1,1,1,1,1,1,1,1,1,1,1,1,1,1,1,1,1,1,1,1,1,1,1,1,3
242,23,1,HSTU,Accounting,1,9,74,5,"3,2",1,4,4,4,4,4,1,3,5,3,1,4,2,5,3,4,2,2,5,3,1,5,3,2,3,3,1,2,3,2,3,4,4,4,1,2,3,1,5,3,5,5,5,1,1,1,3,3,3,1,1,1,2,2,2,1,1,1,5,5,5,4,4,4,5,5,5,3.41
243,22,2,HSTU,Accounting,1,6,70,5,"3,2",1,5,4,4,4,3,3,3,3,2,4,4,3,5,5,4,3,2,3,3,3,3,2,2,1,2,2,2,3,3,2,2,2,2,2,1,1,2,2,2,3,3,2,3,3,3,3,3,3,2,2,2,2,1,2,2,1,2,3,3,3,2,2,2,2,1,1,3
244,25,1,HSTU,Accounting,1,5,73,18,"3,2",1,4,4,4,3,1,2,4,3,1,5,3,5,5,4,2,4,2,3,3,2,3,2,4,4,2,2,2,2,2,2,3,2,2,2,2,4,4,4,4,4,4,2,4,4,4,3,2,2,2,3,2,3,1,2,2,1,2,3,2,3,2,2,3,3,1,2,3.01
245,21,1,HSTU,Sociology,1,6,115,6,"3,2",1,4,2,1,3,1,4,2,1,3,2,1,2,3,1,2,1,1,1,1,1,2,1,1,1,1,1,1,1,1,1,2,1,1,2,1,1,1,1,1,2,1,2,1,1,1,1,1,1,2,3,2,1,1,1,1,1,1,1,1,1,1,1,1,1,1,1,3.01
246,24,1,HSTU,Sociology,1,5,110,6,"3,2",1,4,4,4,3,2,2,4,1,2,3,1,3,4,3,2,1,2,1,1,1,2,1,1,1,1,1,1,1,1,1,3,4,2,2,1,2,4,3,4,3,1,2,3,2,4,1,1,2,2,1,3,3,1,4,1,1,1,4,3,4,3,4,4,5,5,5,3.15
247,23,1,HSTU,Sociology,1,5,105,5,"3,2",1,3,4,4,4,3,5,3,3,4,5,4,5,4,4,5,4,4,4,4,4,5,3,3,4,4,4,4,4,4,5,5,5,5,5,4,5,5,5,5,4,4,5,4,2,3,3,3,5,4,2,4,5,5,5,4,4,4,4,4,4,4,4,5,3,4,5,3.47
248,23,1,HSTU,Sociology,1,5,105,5,"3,2",1,4,4,4,4,3,5,3,3,4,5,5,5,4,5,5,5,4,5,2,1,2,3,1,3,4,1,3,2,2,2,3,3,4,2,1,3,5,3,5,4,3,5,5,5,5,5,4,5,4,3,5,4,3,4,3,2,4,4,3,4,4,3,5,4,5,5,3.25
249,23,1,HSTU,Sociology,1,6,102,5,"3,2",1,4,4,3,3,1,4,2,1,3,5,3,5,4,2,5,3,2,4,3,1,5,2,1,4,2,2,5,2,1,4,3,1,5,2,2,4,3,1,4,3,2,4,4,3,5,3,1,4,3,1,4,3,2,5,5,5,5,4,3,5,5,5,5,5,3,5,3
250,25,1,HSTU,Sociology,1,5,116,6,"3,2",1,4,3,1,2,1,2,2,1,1,2,1,2,3,1,3,4,5,4,3,3,3,1,2,1,2,2,1,1,1,1,3,2,1,3,1,1,4,3,4,3,1,2,2,1,2,1,5,1,2,1,3,3,1,3,3,2,3,4,4,4,3,2,3,3,2,3,3.38
251,22,2,HSTU,Sociology,1,6,110,6,"3,2",1,4,5,4,5,2,3,4,2,3,5,3,5,4,2,3,5,2,2,4,3,4,2,1,1,2,2,2,5,3,5,5,5,5,4,4,5,5,5,5,5,4,4,5,5,5,5,4,5,5,4,5,5,5,5,5,5,5,3,3,3,5,4,5,5,3,4,3.45
252,23,2,HSTU,Sociology,1,6,110,6,"3,2",1,4,4,4,4,2,3,3,2,2,4,2,3,2,1,2,3,2,3,3,2,1,2,1,2,2,1,2,2,3,2,2,1,2,2,1,3,1,3,2,3,3,2,2,2,3,4,2,3,2,1,3,1,2,1,3,2,3,3,2,1,2,2,1,4,3,2,3.55
253,23,1,HSTU,Sociology,1,5,110,6,"3,2",2,3,4,4,3,2,3,2,2,2,3,2,3,3,2,3,3,2,3,3,2,3,3,2,4,3,2,3,3,2,3,3,2,3,1,1,1,1,1,1,3,2,3,2,2,2,2,2,2,1,1,1,1,1,1,1,1,1,3,2,3,3,2,3,3,1,4,3.05
254,23,2,HSTU,Sociology,1,6,113,6,"3,2",1,4,4,4,3,2,3,2,1,2,4,4,4,3,3,3,4,3,3,4,3,3,2,1,1,3,2,2,3,2,2,3,3,3,3,3,3,4,3,4,3,2,3,3,2,3,4,3,4,4,3,4,4,4,4,4,4,4,4,3,4,4,3,3,3,3,3,3.28
255,23,2,HSTU,Sociology,1,6,106,6,"3,2",2,4,4,3,2,1,2,1,1,1,4,2,4,2,1,3,1,1,2,3,2,4,1,1,1,1,1,1,1,1,2,3,2,4,2,1,2,4,2,5,3,1,4,2,1,2,3,1,4,1,1,1,1,1,3,1,1,2,2,1,4,3,1,5,2,1,4,3.53
256,23,1,HSTU,Sociology,1,6,102,6,"3,2",1,4,4,3,1,1,2,1,1,1,4,4,4,3,3,3,4,3,4,3,3,3,1,1,2,3,3,4,3,2,3,4,4,4,3,2,3,4,3,4,4,4,5,4,4,5,3,3,4,3,3,4,4,4,4,4,4,4,4,3,4,3,3,4,3,2,3,3.3
257,23,2,HSTU,Sociology,1,6,100,6,"3,2",1,4,4,2,3,2,3,2,4,1,3,2,3,2,3,3,4,5,4,5,5,5,1,1,1,2,3,2,4,4,4,4,3,5,3,1,2,4,1,3,3,2,2,1,1,1,3,2,4,1,1,1,1,1,1,1,1,1,3,2,4,3,3,3,3,2,3,3.1
258,21,1,HSTU,ME,1,6,50,5,"3,1",1,3,4,3,4,4,4,4,4,4,4,4,4,4,4,4,4,4,4,4,4,4,4,3,4,3,2,4,55,5,5,4,4,4,3,3,3,4,4,4,3,4,4,4,4,4,3,2,3,2,2,2,2,2,2,2,2,2,2,2,2,3,3,3,2,1,1,2.64
259,25,1,BRUR,Economics,2,8,64,5,"5,2",2,7,1,1,5,5,5,3,2,4,4,2,3,3,2,3,4,3,4,4,3,5,4,3,4,4,3,4,3,2,3,2,1,2,4,2,4,3,2,3,4,3,4,3,2,3,4,3,4,4,3,3,3,2,3,4,4,4,4,3,4,3,3,3,2,3,2,3.31
260,24,1,BRUR,Economics,2,8,64,5,5.2,2,7,1,1,5,2,5,4,2,3,5,5,5,5,5,5,5,5,5,5,5,5,5,5,5,5,5,5,5,5,5,5,5,5,3,2,3,5,5,5,5,5,5,5,5,5,5,5,5,4,3,4,5,5,5,5,5,5,5,5,5,5,5,5,3,3,3,3.23
261,23,1,BRUR,Sociology,1,10,69,4,"3,2",1,4,2,2,3,1,5,3,1,5,5,1,5,5,1,5,4,1,5,5,1,5,2,1,5,3,1,5,3,1,5,4,1,5,5,1,5,5,1,5,4,1,5,4,1,5,5,1,5,3,1,5,3,1,5,4,1,5,4,1,5,4,2,5,5,1,5,3.47
262,22,2,BRUR,Sociology,1,10,69,4,"3,2",1,4,2,2,3,1,4,3,1,5,5,1,5,4,1,5,4,1,4,5,4,5,2,1,5,3,2,5,3,1,5,5,1,5,5,1,5,5,3,4,4,1,3,4,1,3,4,1,3,3,2,4,3,1,5,4,1,5,4,2,5,5,2,3,5,1,5,3.33
263,22,2,BRUR,Sociology,1,10,69,4,"3,2",1,4,2,2,4,2,5,3,1,5,4,2,4,4,1,4,5,1,2,4,1,4,3,1,5,3,1,5,4,2,5,4,2,4,3,1,2,4,2,3,4,3,4,3,1,2,4,3,4,3,1,2,3,1,3,4,3,4,3,2,4,4,2,4,4,2,3,3.45
264,22,2,BRUR,Sociology,1,10,69,4,"3,2",1,4,2,2,4,1,5,2,1,4,4,1,4,4,1,4,3,1,3,4,1,4,3,1,5,3,1,5,3,1,5,3,1,3,3,1,4,5,1,5,4,1,5,4,1,5,4,1,4,3,1,3,4,1,5,5,1,5,4,1,5,3,1,4,3,1,4,3.27
265,22,2,BRUR,Sociology,1,10,69,4,"3,2",1,4,1,2,5,1,4,4,1,3,3,1,4,4,1,5,5,1,5,5,1,5,4,1,4,5,1,5,5,5,5,5,5,5,4,4,5,5,5,5,5,4,5,4,3,5,4,2,5,4,1,4,4,1,5,4,4,5,4,1,4,5,4,5,5,2,5,3.2
266,22,2,BRUR,Socology,1,10,69,4,"3,2",1,4,2,3,5,2,4,4,2,4,5,3,4,5,2,5,5,2,5,4,2,4,3,1,4,5,2,5,5,3,5,4,3,4,4,2,4,4,3,5,4,4,4,4,2,4,4,3,4,3,2,3,3,2,3,3,2,3,4,3,4,4,3,4,3,1,4,3. 55
267,22,2,BRUR,Sociology,1,10,69,4,"3,2",1,4,2,3,5,2,4,4,2,4,4,1,4,5,2,5,5,3,5,4,2,4,3,1,4,5,2,5,5,3,5,4,3,4,4,2,4,4,3,5,4,4,4,4,2,4,4,3,4,4,2,4,3,2,3,3,2,3,4,2,4,4,3,4,3,2,4,3.64
268,23,2,BRUR,Sociology,1,10,69,4,"3,2",1,4,1,3,5,3,4,4,2,3,5,2,4,4,2,3,5,2,4,5,2,4,5,2,4,5,2,4,5,4,5,5,3,4,4,2,3,5,2,4,5,2,4,4,2,3,5,3,4,4,2,4,4,2,3,4,2,3,5,3,4,5,3,4,5,2,4,3.25
269,23,1,BRUR,Sociology,1,10,69,4,"3,2",1,4,1,3,5,4,4,4,3,4,4,3,4,5,4,4,5,3,4,5,3,5,4,5,4,4,5,4,4,4,4,5,5,5,4,4,4,5,3,4,4,4,4,4,4,4,3,4,3,4,3,4,4,4,4,4,4,4,4,4,4,4,4,4,4,4,4,3.27
270,23,2,BRUR,Sociology,1,10,69,4,"3,2",1,4,2,1,5,1,3,4,2,5,5,3,5,5,5,5,5,3,2,5,2,5,4,3,5,3,2,5,4,5,3,4,1,4,1,1,1,4,2,4,5,5,5,3,1,2,4,1,1,1,1,1,5,5,5,1,2,2,5,5,5,3,3,3,3,1,2,3.58
271,22,2,BRUR,Sociology,1,10,69,4,3.2,1,4,1,1,5,1,4,4,2,4,4,1,3,4,2,4,4,2,5,5,4,5,3,3,4,4,4,4,4,2,4,4,3,4,5,3,4,5,5,5,4,4,5,4,4,3,5,3,5,4,3,4,5,3,4,4,5,3,3,4,5,3,3,2,5,3,1,3.22
272,22,1,BRUR,Sociology,1,10,69,4,"3,2",1,4,1,2,5,3,4,4,4,3,5,5,5,5,2,5,1,5,3,2,1,4,5,5,5,5,5,5,4,4,5,4,4,5,3,4,4,5,4,5,5,3,4,3,2,4,1,1,3,2,1,3,4,2,5,5,3,5,5,5,5,3,3,4,3,2,4,3.2
273,22,1,BRUR,Socilology,1,10,69,4,"3,2",1,4,2,2,3,2,4,4,2,4,4,2,3,3,2,3,3,3,3,4,3,4,3,2,4,3,2,4,3,2,4,3,3,3,3,2,4,4,2,4,4,3,4,4,2,4,4,3,4,4,3,4,3,2,3,3,2,3,4,3,4,4,3,4,4,3,4,3.4
274,22,1,BRUR,Socilology,1,10,69,4,"3,2",1,4,2,1,4,2,5,3,2,4,4,1,4,4,2,4,5,3,4,5,3,4,4,3,5,4,2,5,3,2,5,4,2,4,4,2,4,4,2,5,3,3,4,4,2,4,4,3,4,4,2,4,4,2,5,4,3,5,3,2,4,2,1,3,1,1,1,3.36
275,22,2,BRUR,Socilology,1,10,69,4,"3,2",1,4,2,3,5,1,3,4,2,5,5,4,5,5,5,5,4,3,2,5,1,5,5,3,5,4,2,4,4,5,3,3,2,2,4,1,4,1,1,1,2,1,2,1,1,1,4,4,4,1,1,1,2,2,2,1,1,1,4,1,3,3,2,4,3,2,3,3. 45
276,22,2,BRUR,Socilology,1,10,69,4,"3,2",1,4,2,1,3,1,4,3,1,5,5,2,5,4,4,5,1,5,3,5,4,5,3,5,5,5,5,5,4,4,5,4,4,5,3,3,3,4,4,5,4,3,5,2,2,4,3,2,5,2,4,4,3,4,5,2,2,5,5,5,5,4,2,4,3,3,4,3.45
277,23,1,BRUR,Socilology,1,10,69,4,"3,2",1,4,2,3,3,1,3,2,1,2,4,2,3,3,1,3,1,2,2,2,1,2,1,2,3,1,1,2,2,1,4,2,2,3,3,2,3,3,3,5,3,2,3,3,3,4,4,3,2,1,1,1,1,1,1,1,2,2,2,2,2,1,1,1,1,1,1,3.2
278,22,2,BRUR,Socilology,1,10,69,4,"3,2",1,1,2,1,3,1,3,3,1,4,4,1,3,4,5,3,1,5,3,5,2,4,3,4,5,2,5,5,2,5,5,2,3,3,2,2,2,2,3,3,4,5,5,2,3,3,1,1,1,2,2,2,5,5,5,5,5,5,2,3,4,1,1,1,2,3,3,3.44
279,23,1,BRUR,Socilology,1,10,69,4,"3,2",1,1,2,1,3,1,3,3,1,4,5,2,5,3,4,3,1,5,3,5,4,5,3,4,5,2,5,5,2,5,5,2,3,3,2,2,2,2,3,3,4,5,5,2,3,5,1,1,1,1,1,1,3,5,5,4,5,5,2,3,4,1,1,2,1,1,1,3.33
280,22,1,BRUR,Socilology,1,10,69,4,"3,2",1,4,3,3,3,4,5,3,3,3,2,3,2,3,5,4,2,4,3,4,4,4,3,3,5,3,2,5,3,5,4,3,4,4,4,4,5,2,2,2,4,2,3,3,3,2,2,1,2,1,1,2,1,1,1,1,1,1,4,2,3,4,1,3,1,4,4,3.21
281,24,1,BRUR,Socilology,1,10,69,4,"3,2",1,4,1,1,2,4,5,3,4,4,4,3,4,3,4,5,3,4,5,4,3,5,3,5,5,3,5,5,3,5,5,3,5,5,3,5,5,3,5,5,3,5,5,3,3,4,2,3,4,2,3,4,2,1,1,2,2,2,4,3,4,3,3,3,1,3,3,3.29
282,22,1,BRUR,Socilology,1,10,69,4,"3,2",1,4,2,2,5,3,4,4,4,3,5,5,5,3,3,3,5,2,5,4,3,4,3,5,5,5,5,5,3,5,5,5,5,5,4,3,4,5,2,4,5,3,4,5,2,5,3,1,4,4,3,4,5,5,5,4,3,4,4,3,4,3,3,3,5,3,5,3.29
283,23,1,BRUR,Socilology,1,10,69,4,"3,2",1,4,3,3,3,2,3,2,2,2,3,2,3,3,3,3,3,1,3,2,2,2,2,2,5,2,2,2,2,2,2,3,2,3,2,2,2,2,1,2,2,2,1,2,1,2,2,1,1,2,1,1,2,1,1,2,1,1,3,2,3,3,2,3,2,2,2,3.21
284,23,2,BRUR,Socilology,1,10,69,4,"3,2",1,4,2,2,5,2,4,3,2,3,4,2,3,3,2,3,4,3,4,4,3,4,1,2,4,1,2,4,2,3,4,3,3,3,3,2,3,4,3,4,4,3,4,3,2,3,3,2,3,2,1,2,3,2,3,3,3,3,4,2,3,3,2,3,3,1,3,3.38
285,23,2,BRUR,Socilology,1,10,69,4,"3,2",1,4,2,1,3,1,3,3,1,5,5,1,5,5,5,5,1,5,2,5,2,5,4,5,5,5,5,5,3,3,5,2,2,2,1,1,1,3,4,4,3,5,5,2,2,5,1,1,1,1,1,1,2,5,5,2,5,5,2,2,2,1,2,2,1,1,1,3.32
286,23,2,BRUR,Socilology,1,10,69,4,"3,2",1,4,1,2,5,3,4,5,2,5,5,3,5,4,1,4,5,4,5,5,4,4,3,2,5,4,3,5,4,2,5,5,4,5,3,3,4,5,4,5,5,4,4,5,3,5,4,2,5,3,2,5,4,3,5,4,4,5,5,4,5,5,5,5,4,3,4,3.36
287,22,2,BRUR,Socilology,1,10,69,4,"3,2",1,4,3,3,3,1,3,5,5,5,4,5,5,5,5,5,2,5,3,3,2,3,1,1,1,1,1,1,1,5,1,1,4,1,1,1,1,3,3,3,1,1,1,2,3,3,5,5,5,5,5,5,5,5,5,3,3,3,2,2,2,3,3,3,5,5,5,3.4
288,21,2,BRUR,Socilology,1,10,69,4,"3,2",1,4,2,2,4,2,4,3,2,4,4,1,5,3,1,4,4,1,4,4,2,4,4,2,5,5,5,5,5,4,5,5,4,5,5,3,5,5,4,5,5,5,5,5,5,5,5,3,5,5,5,5,5,4,5,5,5,5,5,2,5,5,3,5,5,2,3,3.3
289,24,1,BRUR,Socilology,1,10,69,4,"3,2",1,4,2,3,4,2,4,5,1,3,4,2,4,3,2,3,3,3,2,5,2,5,5,3,4,5,3,3,4,3,4,4,4,4,4,2,2,4,2,3,4,2,3,4,1,3,4,2,4,3,1,2,3,2,3,4,2,3,5,3,4,3,1,2,3,1,2,2.97
290,22,1,BRUR,Socilology,1,10,69,4,"3,2",1,4,2,2,5,2,5,5,5,5,5,2,5,5,5,5,2,2,2,5,4,5,3,1,5,5,5,5,4,2,4,5,5,5,5,4,5,5,5,5,5,4,5,5,2,5,5,2,5,5,4,5,5,5,5,5,5,5,5,2,5,4,2,4,4,2,4,3.57
291,21,1,BRUR,Socilology,1,10,69,4,"3,2",1,4,1,1,5,4,3,4,2,3,5,4,4,4,3,3,5,4,3,5,4,4,5,5,5,5,5,5,4,4,3,5,5,5,5,5,5,5,5,5,5,4,5,5,3,5,5,4,5,5,3,5,5,3,5,5,4,5,5,4,5,5,4,5,4,3,3,3.31
292,22,1,BRUR,Socilology,1,10,69,4,"3,2",1,4,1,1,5,2,4,5,1,4,5,1,3,5,1,4,5,1,4,5,1,3,5,2,4,5,2,5,5,1,4,5,2,5,5,1,4,5,1,5,5,2,5,5,1,4,5,1,5,5,2,5,5,3,4,5,1,4,5,1,3,5,1,4,4,1,3,3.57
293,22,2,BRUR,Socilology,1,10,69,4,"3,2",1,4,1,1,4,3,4,4,3,4,4,2,4,4,3,4,5,5,4,5,5,5,4,4,4,4,4,4,4,4,4,4,4,4,4,3,4,4,3,4,5,4,4,4,3,4,4,3,4,4,4,4,4,3,4,4,3,4,4,4,4,4,3,4,3,3,3,3.39
294,23,1,BRUR,Socilology,1,10,69,4,"3,2",1,4,3,3,4,1,4,1,1,4,4,1,4,4,3,4,3,3,4,4,2,3,5,5,5,5,5,5,5,5,5,3,2,3,2,1,2,4,2,3,3,2,3,2,1,2,2,2,2,4,2,3,2,1,2,3,2,4,2,1,3,1,1,1,1,1,1,3.4
295,21,2,BRUR,Socilology,1,10,69,4,"3,2",1,4,2,3,4,3,4,3,2,4,4,2,4,3,1,3,4,1,4,3,2,4,4,5,5,5,5,5,4,2,4,4,3,4,3,3,3,4,2,3,4,3,4,2,1,3,4,4,4,3,3,3,3,3,3,3,3,4,3,2,4,3,3,3,2,1,3,3.17
296,22,1,BRUR,Socilology,1,10,69,4,"3,2",1,4,2,2,4,4,3,5,3,4,5,3,4,3,4,5,4,3,5,5,4,5,5,4,5,4,3,4,4,2,4,4,3,4,3,2,3,4,3,4,4,3,4,4,3,4,3,2,3,4,3,4,5,4,5,5,4,5,3,2,3,4,3,4,4,3,4,3.27
297,21,1,BRUR,Socilology,1,10,69,4,"3,2",1,4,2,2,4,3,4,4,4,4,4,3,5,4,2,3,3,1,4,4,3,4,4,4,5,4,4,5,4,3,4,3,2,4,3,1,3,4,2,4,4,3,5,3,2,4,3,3,4,3,1,4,4,1,3,3,1,4,4,3,5,4,2,4,3,3,4,3.25
298,21,1,BRUR,Socilology,1,10,69,4,"3,2",1,4,3,3,4,2,3,4,2,3,5,1,5,5,2,5,5,1,3,5,2,4,2,4,4,2,4,5,3,4,4,3,2,4,1,1,1,1,1,1,3,2,3,2,1,2,2,1,2,1,1,1,1,1,1,1,1,1,2,1,2,1,1,1,1,1,1,3.12
299,22,1,BRUR,Socilology,1,10,69,4,"3,2",1,4,1,1,4,3,4,3,3,4,5,5,5,4,4,4,5,4,5,5,4,5,4,5,5,3,5,5,4,4,4,4,3,4,3,1,3,4,1,3,4,4,4,2,1,2,3,3,3,3,1,3,3,2,3,4,4,4,4,3,4,3,4,3,3,4,3,3.24
300,23,1,BRUR,Socilology,1,10,69,4,"3,2",1,4,1,2,4,1,3,3,2,3,4,1,3,4,1,4,3,1,1,4,3,4,3,3,5,5,5,5,5,2,5,5,5,5,4,1,4,5,2,5,4,4,5,5,2,5,5,5,5,4,2,3,5,2,5,5,5,5,5,5,5,5,3,5,5,4,5,3.35
301,22,1,BRUR,Sociology,1,10,69,4,"3,2",1,4,2,2,4,3,5,4,3,4,4,3,4,4,4,5,3,3,4,4,4,5,4,3,4,5,5,5,5,2,5,5,4,5,4,3,4,5,2,5,5,4,5,4,3,5,5,4,5,3,2,4,5,5,5,4,3,4,4,3,5,4,3,4,3,2,4,3.18
302,20,1,BRUR,Sociology,1,8,65,4,"3,1",2,3,4,4,5,3,4,2,1,3,5,2,5,3,2,3,4,2,4,4,3,4,4,5,5,4,5,5,3,4,5,4,4,5,3,3,4,4,3,4,4,4,4,4,4,5,3,3,4,3,2,3,3,2,3,3,4,4,3,3,4,3,3,3,3,2,4,3.29
303,22,1,BRUR,Sociology,1,10,63,4,"3,1",2,3,3,3,3,2,3,2,1,2,3,1,2,3,2,3,4,1,4,2,1,2,1,4,5,5,5,5,3,2,3,2,2,2,2,2,3,3,2,3,4,4,4,3,2,3,2,1,3,3,2,3,2,2,3,2,1,2,2,2,2,2,2,2,2,2,3,3.19
304,22,1,BRUR,Sociology,1,8,65,4,"3,1",2,3,4,3,4,2,5,4,2,4,5,4,5,5,5,5,4,3,4,4,2,4,4,4,5,4,4,5,4,3,5,4,3,4,5,3,5,4,3,4,4,3,4,4,3,4,4,3,4,3,2,3,4,3,4,5,4,5,3,2,3,3,2,3,3,2,3,3.16
305,22,2,BRUR,Sociology,1,12,74,4,"3,1",4,2,4,4,5,4,5,4,3,5,5,3,5,4,4,5,4,3,4,5,4,5,5,4,5,5,4,5,5,5,5,5,4,5,5,4,5,4,3,5,4,3,5,2,1,4,4,3,4,3,2,4,4,3,5,5,2,5,3,2,5,4,3,4,4,3,5,3.57
306,21,1,BRUR,Sociology,1,12,63,4,"3,1",2,2,4,3,4,3,4,3,2,4,4,2,3,3,1,4,4,4,4,3,4,4,4,5,5,5,5,5,4,2,4,4,2,4,3,3,3,4,3,4,4,3,4,2,1,3,4,4,4,3,3,3,4,3,3,2,4,3,3,2,4,3,3,4,2,1,3,3.19
307,23,1,BRUR,English,1,8,74,6,"3,1",1,3,3,3,3,1,3,3,1,3,4,4,4,1,1,1,1,1,1,3,3,3,3,1,3,1,1,3,3,1,5,3,3,3,3,2,3,4,4,4,4,2,3,3,1,3,2,1,3,4,2,4,1,1,1,1,1,1,4,3,4,2,1,1,3,1,2,3.05
308,22,2,BRUR,English,1,8,74,6,"3,1",1,3,4,4,4,4,5,4,4,5,5,5,5,4,3,5,4,2,5,4,3,5,4,4,5,4,4,5,4,1,5,3,2,5,5,3,2,4,3,5,4,4,5,4,2,2,5,4,4,2,2,3,3,3,5,4,4,5,5,2,3,4,4,2,3,3,1,3
309,23,2,BRUR,English,1,8,74,6,"3,1",1,3,4,2,3,1,4,3,1,4,5,3,5,4,3,3,4,2,4,5,3,5,3,1,5,3,1,5,3,1,5,3,2,5,4,1,4,5,1,5,3,1,5,3,1,4,4,1,5,2,1,3,3,1,4,2,1,3,4,1,4,4,1,3,5,1,5,3.21
310,23,1,BRUR,English,1,8,74,6,"3,1",1,3,2,3,4,2,3,4,1,2,4,4,4,5,2,5,4,3,4,5,5,5,1,3,4,3,4,5,4,3,5,3,3,3,3,3,3,5,5,5,4,3,4,2,2,2,3,3,3,1,1,1,1,1,1,2,2,2,3,2,3,3,2,3,4,4,4,3.2
311,23,2,BRUR,English,1,8,74,6,"3,1",1,3,4,4,3,1,4,2,1,4,4,4,4,5,5,5,5,5,5,4,4,5,2,1,4,3,2,5,3,1,5,4,2,4,4,1,4,5,3,5,4,3,4,4,4,5,5,4,5,4,2,5,3,3,3,3,3,4,3,2,5,3,3,4,3,3,3,3.48
312,22,1,BRUR,English,1,8,74,6,"3,1",1,3,3,3,3,2,3,3,2,3,3,2,4,4,2,3,1,2,1,4,2,3,3,2,4,3,2,4,3,1,5,3,3,3,3,2,3,2,1,3,4,2,3,4,1,4,3,1,4,4,2,4,1,1,1,1,1,1,4,3,4,0,0,0,3,1,2,3.1
313,22,2,BRUR,English,1,8,74,5,"3,1",1,3,5,4,3,1,4,2,1,4,4,4,4,5,5,5,5,5,5,5,5,5,2,1,5,4,5,5,5,1,3,4,2,4,3,1,3,5,5,5,4,1,4,5,5,5,4,2,5,4,2,4,3,2,4,5,5,5,5,3,5,4,2,5,3,1,3,3.27
314,22,1,BRUR,English,1,8,76,6,"3,1",1,3,3,1,2,2,2,2,2,2,5,5,5,4,4,4,4,4,4,5,5,5,5,5,5,3,3,3,3,3,3,2,2,2,3,3,3,1,1,1,5,4,5,4,4,4,5,5,5,4,4,4,5,5,5,5,5,5,5,5,5,5,5,5,5,5,5,3.04
315,23,2,BRUR,English,1,8,74,6,"3,1",1,3,5,5,5,5,5,5,5,5,5,5,5,5,5,5,5,5,5,5,5,5,5,5,5,5,5,5,5,5,5,5,5,5,5,5,5,5,5,5,5,5,5,4,4,4,5,5,5,3,3,3,5,5,5,5,5,5,5,5,5,5,5,5,5,5,5,3.27
316,23,1,BRUR,English,1,8,74,6,"3,1",2,3,4,4,5,2,5,5,3,5,4,3,4,5,5,5,4,4,5,5,5,5,2,4,5,3,4,5,4,4,5,4,5,5,5,5,5,3,3,3,5,5,5,3,2,4,3,3,4,4,4,4,3,4,4,4,4,5,3,2,4,3,3,3,1,1,1,3
317,22,2,BRUR,English,1,8,73,6,"3,1",1,3,4,4,4,2,4,3,4,4,4,3,5,3,3,5,4,4,5,5,4,5,2,3,5,2,3,4,3,3,4,3,3,4,3,2,4,4,2,5,4,3,5,4,3,5,4,3,5,4,3,5,4,3,5,4,3,5,3,2,4,3,2,4,3,2,4,3.25
318,22,2,BRUR,English,1,8,74,6,"3,1",1,3,5,5,3,4,5,3,4,4,5,3,5,1,1,1,5,5,5,5,4,5,3,5,5,3,5,5,3,5,5,3,5,5,1,1,1,3,3,3,4,4,4,5,5,5,5,5,5,5,5,5,5,5,5,4,4,4,3,3,4,3,3,3,1,1,1,3.2
319,22,2,BRUR,English,1,8,74,6,"3,1",1,3,5,5,4,3,5,3,2,5,5,4,5,4,2,4,5,2,5,5,3,5,3,3,5,4,3,5,4,1,5,3,2,5,4,3,4,5,3,5,4,2,5,4,1,4,5,1,5,4,2,5,5,4,5,4,3,5,5,3,5,4,3,5,4,3,5,3.1
320,21,2,BRUR,English,1,8,74,6,"3,1",1,3,4,3,5,1,5,5,1,4,5,1,4,5,1,3,5,1,4,5,1,5,3,1,4,3,1,4,5,1,5,5,1,4,5,1,4,5,1,5,4,1,4,5,1,5,5,1,5,4,1,4,4,1,4,3,1,2,5,1,4,4,1,4,4,1,3,3.21
321,21,2,BRUR,English,1,8,73,6,"3,1",1,3,4,4,4,2,5,4,2,5,4,1,5,3,2,5,3,1,4,4,1,5,4,4,5,5,3,5,5,4,5,4,2,4,3,1,4,5,1,5,4,2,4,4,1,5,3,2,4,3,1,4,4,3,4,4,1,4,3,2,4,3,1,3,2,1,4,3.01
322,22,2,BRUR,English,1,8,74,6,"3,1",1,3,4,3,4,1,5,4,1,4,3,1,3,3,1,3,4,1,4,4,1,4,3,1,5,3,1,5,3,1,5,4,1,5,4,1,4,5,1,5,5,1,5,5,1,5,5,1,5,5,1,5,5,1,5,5,1,5,5,1,5,4,2,4,2,1,2,3.15
323,22,1,BRUR,English,1,8,74,6,"3,1",1,3,3,2,4,1,2,3,1,3,5,2,2,4,2,4,4,2,4,4,3,4,2,1,4,2,1,5,3,1,4,4,2,4,3,1,3,3,1,4,3,2,4,3,1,5,3,1,4,3,1,4,4,1,4,3,1,4,4,1,4,4,1,4,3,1,3,3.05
324,23,2,BRUR,English,1,8,74,6,"3,1",2,3,4,4,4,5,5,4,3,4,3,2,3,4,3,4,4,3,4,4,3,4,3,4,4,3,4,4,5,4,4,4,3,4,4,3,4,2,1,2,4,3,4,2,1,2,2,1,2,2,1,2,2,1,2,2,1,2,4,3,4,1,1,1,2,1,2,3.15
325,22,2,BRUR,English,1,8,75,6,"3,1",1,3,4,4,3,2,5,4,3,4,5,3,4,4,3,3,3,2,3,5,5,5,2,5,2,3,4,5,5,3,4,5,5,5,3,3,3,5,5,5,4,3,4,4,4,4,5,5,5,5,5,5,4,4,4,4,4,4,5,5,5,5,5,5,4,4,4,3.27
326,24,1,BRUR,English,1,8,74,6,"3,1",1,3,3,2,4,1,4,4,1,3,5,1,3,5,2,2,5,2,5,5,2,5,2,1,5,2,1,5,3,1,5,4,2,2,4,2,3,4,1,3,5,2,4,4,1,3,5,1,4,4,1,3,4,1,4,4,1,3,3,1,3,3,1,3,2,1,2,3.05
327,22,2,BRUR,English,1,8,73,6,"3,1",1,3,5,4,3,5,5,3,4,4,4,4,4,4,4,4,5,5,5,5,5,5,3,4,5,4,5,5,4,4,5,5,5,5,4,4,4,5,5,5,4,4,4,5,5,5,5,5,5,4,4,4,4,4,4,4,4,4,4,4,4,4,4,4,4,4,4,3.23
328,23,2,BRUR,English,1,8,74,6,"3,1",1,3,4,4,4,3,5,3,2,5,5,3,4,5,2,4,5,3,5,4,3,5,4,3,5,5,4,5,5,4,5,4,3,4,3,2,4,4,3,5,2,2,3,2,1,2,3,2,3,2,1,2,2,1,3,3,2,4,3,2,4,3,1,2,3,2,3,3.06
329,23,2,BRUR,English,1,8,75,6,"3,1",1,3,4,4,3,2,5,3,4,5,5,4,4,4,3,4,4,4,4,5,4,5,2,5,5,3,5,5,3,4,4,5,5,5,4,3,5,4,4,4,4,4,4,4,5,5,5,5,5,4,4,4,4,4,4,4,4,4,4,5,5,4,4,4,3,4,4,3.05
330,23,1,BRUR,English,1,8,75,6,"3,1",1,3,4,3,3,3,5,2,3,4,5,3,5,4,3,4,5,3,5,5,3,5,2,5,5,3,5,5,3,4,4,3,4,4,4,3,4,4,3,4,4,3,4,4,2,4,4,3,4,3,3,3,3,3,3,3,3,3,4,3,4,4,4,4,3,3,4,3.1
331,22,1,BRUR,English,1,8,74,6,"3,1",1,4,5,3,4,1,3,4,2,4,3,3,4,4,1,4,4,2,4,4,1,4,3,1,4,4,1,4,3,1,3,3,1,3,4,1,3,4,1,3,4,1,4,3,3,3,4,2,4,4,1,4,3,2,3,4,1,3,3,1,3,2,1,1,1,1,2,3.03
332,22,1,BRUR,English,1,8,74,6,"3,1",1,3,3,3,4,3,5,2,3,2,5,3,5,4,3,2,3,2,1,4,1,4,2,1,3,3,1,3,3,1,4,4,1,3,3,1,3,3,1,3,2,2,3,3,1,2,3,1,3,3,2,3,4,2,3,3,1,3,3,1,3,2,1,1,1,1,1,3.07
333,22,2,BRUR,English,1,8,74,6,"3,1",2,3,3,2,4,3,4,3,4,3,4,3,4,4,3,4,2,3,1,4,3,4,2,3,4,1,4,5,5,4,5,3,3,3,2,1,1,4,3,4,4,3,4,3,2,3,3,2,3,2,1,3,2,1,2,3,2,3,4,3,4,1,1,1,1,1,1,3.19
334,23,1,BRUR,English,8,8,74,6,"3,1",1,3,4,3,4,3,4,3,2,3,4,2,4,4,2,3,3,2,3,4,2,4,4,2,4,3,2,4,4,2,4,3,3,4,3,3,4,3,2,3,4,3,4,3,3,3,3,2,4,4,2,4,4,3,4,3,2,4,4,3,4,4,4,4,3,3,4,2.9
335,24,1,BRUR,English,1,8,74,6,"3,1",1,3,3,3,4,3,4,3,3,3,3,3,3,3,3,3,3,2,3,4,3,4,3,5,5,3,5,5,3,3,3,4,3,4,3,3,3,3,2,3,3,2,3,3,2,3,3,1,3,3,1,3,1,1,1,1,1,1,3,2,3,2,1,2,3,1,3,3.14
336,22,1,BRUR,English,1,8,74,6,"3,1",1,3,4,4,4,2,3,3,2,3,2,1,3,1,2,3,1,2,3,3,2,3,2,3,3,3,2,3,3,2,4,3,2,4,2,2,3,3,2,3,3,1,3,3,1,3,3,2,3,3,1,1,2,1,1,2,1,2,2,2,3,1,1,2,1,1,2,3.01
337,22,1,BRUR,English,1,8,75,6,"3,1",1,3,4,2,4,1,3,3,2,3,3,1,3,3,2,3,4,1,3,3,1,3,1,2,3,2,1,3,2,1,4,3,3,3,3,1,4,3,3,3,3,1,3,3,1,2,3,2,4,3,1,3,4,1,3,3,2,4,3,1,3,1,1,1,1,1,1,3.06
338,22,1,BRUR,English,1,8,74,6,"3,1",1,4,4,4,5,1,4,4,1,4,4,3,4,3,2,3,3,2,3,4,4,4,2,1,4,2,1,4,3,1,4,3,1,3,3,1,3,5,2,5,5,5,5,4,2,4,3,1,3,2,1,2,4,4,4,3,3,3,3,1,3,3,1,3,2,1,1,3.33
339,22,1,BRUR,English,1,8,74,6,"3,1",2,3,3,2,4,3,4,3,4,3,4,4,4,4,4,3,3,2,1,4,3,4,2,3,4,1,4,5,5,4,5,3,3,3,2,1,2,3,4,3,3,4,4,2,3,3,2,3,2,2,2,2,5,5,5,3,4,4,4,4,4,1,1,1,1,1,1,3.5
340,23,2,BRUR,English,1,8,74,6,"3,1",1,4,5,3,5,4,5,5,3,5,5,4,4,5,5,5,5,5,5,5,3,5,5,5,5,5,5,5,4,4,4,5,4,4,5,2,5,4,3,4,5,5,5,5,5,5,5,3,5,4,3,4,5,5,5,4,3,4,4,2,4,3,2,1,3,2,3,3.15
341,23,2,BRUR,English,1,8,74,6,"3,1",1,3,3,2,4,1,3,3,4,3,4,4,4,4,1,1,3,1,2,4,4,4,1,2,4,1,1,2,3,1,3,4,4,4,1,1,1,3,2,4,4,2,3,4,1,4,4,1,1,3,1,2,3,4,3,3,1,1,3,1,1,1,1,1,1,1,1,3.21
342,23,1,BRUR,English,1,7,72,6,"3,1",1,4,3,3,3,1,3,2,1,2,5,5,5,5,3,5,1,1,1,3,1,3,3,1,4,1,1,4,2,1,1,3,1,3,3,1,4,3,1,3,4,2,4,4,1,4,1,1,2,1,1,1,2,1,3,3,1,3,4,1,4,2,1,3,1,1,1,3.23
343,24,2,BRUR,English,1,8,73,6,"3,1",1,3,4,4,4,1,4,3,4,3,5,5,5,3,3,3,3,1,3,4,2,4,4,2,5,3,3,5,4,4,4,4,3,4,3,2,3,2,1,4,3,3,4,3,2,3,2,1,2,1,1,1,1,1,2,2,2,2,4,3,4,2,1,2,1,1,1,3.4
344,24,1,BRUR,Economics,2,8,64,5,2,2,1,4,4,5,2,4,5,3,4,5,4,4,5,3,4,5,3,4,5,4,5,5,5,5,5,5,5,5,5,5,5,5,5,4,4,4,4,3,4,5,4,5,5,3,4,4,4,4,4,4,4,4,4,4,5,5,5,4,3,4,4,4,4,3,3,3,3.31
345,25,1,BRUR,Economics,2,8,60,5,1,2,1,4,2,4,1,3,4,1,2,5,1,4,0,0,0,3,1,2,3,1,2,1,1,1,4,1,3,4,2,4,3,5,5,2,1,2,4,2,1,4,2,2,2,2,3,1,1,1,1,1,1,1,1,1,3,1,1,3,1,3,2,1,2,4,1,3,3.1
346,23,1,BRUR,English,1,4,74,6,"3,1",2,1,4,3,4,2,4,3,1,4,4,1,4,3,1,3,3,1,3,3,1,3,2,3,4,3,3,4,3,2,4,3,1,3,2,1,2,3,1,3,4,1,4,3,1,3,2,1,2,3,2,3,3,2,3,3,2,3,2,1,3,3,2,3,3,2,3,3.05
347,22,1,BRUR,English,1,8,74,6,"3,1",2,3,3,3,5,5,5,5,5,5,5,4,5,5,4,5,5,4,5,5,4,5,2,3,4,1,4,5,5,4,5,3,3,3,2,1,1,4,3,4,4,3,4,3,2,3,3,2,3,2,1,2,2,1,3,2,3,3,4,3,4,1,1,1,1,1,1,3.1
348,23,1,HSTU,ECE,1,8,67,5,"3,1",1,3,4,3,3,3,3,2,2,2,4,1,4,3,2,3,4,3,4,3,1,3,3,1,2,3,1,2,2,2,2,2,3,2,2,1,2,2,2,2,2,1,3,1,1,1,1,1,1,1,1,1,1,1,1,1,1,1,4,3,3,3,3,3,2,1,1,3.03
349,22,1,HSTU,ECE,1,9,66,5,"3,1",1,3,3,2,4,3,4,3,2,3,4,2,3,3,2,3,4,1,2,3,1,2,2,1,2,3,2,4,3,2,4,2,1,1,1,1,1,2,2,2,2,2,2,2,1,1,3,2,3,1,1,1,1,2,1,1,2,1,2,2,2,2,2,2,2,1,1,3.15
350,22,2,HSTU,ECE,1,9,66,5,"3,1",1,3,4,3,4,2,3,4,3,4,5,5,4,4,3,5,4,2,3,5,3,4,2,2,2,2,2,2,3,2,3,3,2,3,3,2,3,4,3,4,4,2,4,2,1,2,4,2,3,3,1,3,4,2,4,3,3,3,4,1,3,3,1,3,3,1,3,3.01
351,22,2,HSTU,ECE,1,9,66,5,"3,1",1,4,3,2,4,3,3,4,3,3,5,4,4,4,3,3,4,2,2,4,3,3,2,1,1,3,2,2,4,3,4,4,4,4,4,2,3,4,3,4,4,3,4,4,3,4,5,3,5,4,3,3,5,5,5,3,2,3,4,3,4,3,2,3,2,2,2,3.33
352,23,1,HSTU,ECE,1,8,66,5,"3,1",1,3,4,4,4,3,4,3,2,4,4,3,3,5,4,4,3,4,3,4,3,4,1,1,1,2,1,2,2,1,2,4,3,4,3,2,4,5,4,4,3,2,3,3,3,3,3,3,2,1,1,1,4,2,3,3,3,2,3,2,3,4,3,4,5,3,5,3.17
353,22,1,HSTU,ECE,1,8,66,5,"3,1",1,3,3,4,4,2,3,1,1,2,5,5,5,2,4,2,1,4,1,1,2,2,3,1,2,4,1,3,4,1,3,5,4,5,3,2,4,5,5,5,4,2,3,5,5,5,4,2,4,2,1,2,1,2,2,3,4,1,3,2,3,1,1,1,4,3,4,3.02
354,22,2,HSTU,ECE,1,8,66,5,"3,1",1,3,4,4,4,2,3,3,1,2,3,1,3,3,1,2,3,2,3,4,2,3,3,1,2,4,2,3,3,1,1,3,2,2,3,2,3,4,2,3,3,2,2,3,1,1,4,2,3,3,1,2,2,1,1,3,2,3,4,2,3,3,2,3,4,3,3,3.25
355,23,1,HSTU,ECE,1,8,66,5,"3,1",1,3,4,3,4,2,4,1,1,2,4,2,4,3,3,3,3,4,3,4,4,4,3,2,3,4,4,4,4,3,4,4,4,4,2,1,2,4,4,4,4,4,4,3,2,3,3,2,4,3,2,4,3,3,3,4,3,3,3,3,3,3,2,3,2,1,2,3.45
356,22,2,HSTU,ECE,1,8,66,5,"3,1",1,3,4,3,3,2,4,4,4,4,2,2,2,2,2,3,3,3,3,3,2,4,2,2,2,2,2,3,2,2,3,3,3,3,2,2,2,1,1,1,2,2,3,2,2,2,2,2,3,1,1,1,1,1,1,1,1,1,2,3,3,2,2,2,2,2,2,3.2
357,22,2,HSTU,ECE,1,8,66,5,"3,1",1,3,4,5,4,3,4,4,3,4,5,3,5,4,5,5,4,5,5,5,5,5,3,3,2,4,4,4,4,5,5,4,4,4,5,5,5,5,5,5,4,4,4,5,5,5,5,5,5,5,5,5,5,5,5,4,3,4,4,3,4,4,3,4,4,2,5,3.82
358,24,1,HSTU,ECE,1,8,70,5,"3,1",1,3,5,5,5,4,5,4,5,4,3,3,3,3,3,3,4,5,4,4,4,4,1,3,5,3,3,5,2,2,5,5,5,5,5,5,5,5,5,5,5,4,5,5,4,5,5,5,5,5,5,5,5,5,5,5,5,5,4,4,4,4,4,4,5,5,5,3.08
359,23,1,HSTU,ECE,1,8,66,5,"3,1",1,3,4,3,5,1,2,4,1,2,4,3,2,3,2,2,4,1,3,2,1,1,3,1,2,3,1,1,3,1,2,3,1,2,1,1,1,2,1,1,3,2,2,3,2,2,2,2,1,2,1,1,3,1,2,2,2,2,1,1,1,1,1,1,1,1,1,2.93
360,22,2,HSTU,ECE,1,8,66,5,"3,1",1,3,4,3,5,2,4,5,3,5,5,1,5,4,2,3,4,3,5,5,4,5,3,1,5,4,2,5,5,4,5,5,5,5,3,1,3,3,1,3,4,2,4,5,3,5,5,5,5,3,1,3,2,3,3,3,2,3,3,2,3,1,1,1,1,1,1,3.07
361,22,1,HSTU,ECE,1,8,66,5,"3,1",1,3,4,3,4,1,3,4,3,4,4,4,4,3,3,3,4,4,4,3,4,3,3,2,3,4,3,4,4,3,4,3,3,3,3,3,3,3,2,3,3,2,3,3,1,3,2,1,2,2,2,2,3,2,3,2,1,2,3,2,3,3,2,3,3,3,3,3.3
362,21,1,HSTU,ECE,1,8,66,5,"3,1",1,3,3,2,3,1,2,3,4,3,2,1,2,3,2,2,2,2,2,3,2,2,4,5,3,1,1,1,3,1,2,3,2,2,1,1,1,1,1,1,2,1,2,2,1,2,1,1,1,2,1,2,1,1,1,2,1,1,2,2,2,2,2,2,2,1,1,3
363,21,2,HSTU,ECE,1,8,66,5,"3,1",1,3,4,3,3,2,3,4,5,3,3,2,4,4,4,4,5,4,4,4,3,3,3,1,1,1,1,1,2,4,3,3,4,3,3,3,3,3,2,3,4,4,4,4,4,4,2,2,2,2,2,2,3,3,3,3,4,4,4,4,4,3,3,3,3,3,3,3.03
364,23,2,HSTU,ECE,1,8,66,5,"3,1",1,3,4,3,3,1,4,2,1,2,4,4,4,2,2,2,5,3,4,3,2,4,1,1,4,1,1,5,1,1,2,3,3,5,1,1,1,1,1,2,3,1,5,1,1,2,1,1,1,1,1,1,1,1,1,1,1,1,3,2,4,2,2,3,4,2,5,3.55
365,22,1,HSTU,ECE,1,8,66,5,"3,1",1,3,5,4,4,2,4,3,4,3,4,3,4,4,4,4,4,4,4,4,3,4,3,1,2,4,1,4,4,3,4,3,3,3,2,2,2,4,2,4,4,4,4,3,1,4,3,2,4,3,1,3,4,4,4,4,3,4,4,2,4,3,1,3,4,1,4,3.35
366,22,1,HSTU,ECE,1,8,66,5,"3,1",1,3,3,3,4,2,3,3,1,2,5,3,5,1,1,1,5,5,5,3,2,3,5,1,2,5,1,1,2,1,1,4,2,3,5,5,5,1,1,1,2,2,2,1,1,1,1,1,1,1,1,1,1,1,1,1,1,1,5,5,5,1,1,1,1,1,1,3.32
367,23,1,HSTU,ECE,1,8,66,5,"3,1",1,3,4,4,4,2,4,4,4,4,5,5,5,4,4,4,3,4,3,4,3,4,4,4,4,5,5,5,1,1,1,5,5,5,1,1,1,4,4,4,5,5,5,5,5,5,5,5,5,4,4,4,4,4,4,5,5,5,4,3,4,3,3,3,3,3,3,3.2
368,22,2,HSTU,ECE,1,8,66,5,"3,1",1,3,4,3,3,3,4,3,2,4,5,3,5,5,5,5,5,5,4,4,4,5,3,3,4,3,3,5,2,1,4,2,1,3,2,2,2,4,4,4,3,4,4,3,3,3,3,3,3,2,2,3,5,5,5,4,3,4,4,4,4,3,3,4,3,3,4,3.1
369,24,1,HSTU,ECE,1,8,66,5,"3,1",1,3,3,3,3,2,2,2,3,2,4,5,4,3,3,3,3,3,3,2,3,3,1,1,1,2,2,2,3,3,3,2,3,2,2,1,3,2,1,2,3,2,3,2,1,2,3,2,3,1,1,2,2,2,2,2,2,2,2,2,2,2,1,2,2,1,3,3.1
370,23,1,HSTU,ECE,1,8,6,6,"3,1",1,3,3,3,3,3,2,4,4,2,4,4,3,2,2,2,3,4,3,2,3,2,4,4,1,4,4,3,2,4,4,3,2,3,4,2,3,2,3,3,3,2,3,4,4,4,4,4,4,2,1,2,2,1,2,2,1,2,2,2,2,3,2,3,3,2,3,3.2
371,23,1,HSTU,ECE,1,8,66,5,"3,1",1,3,4,2,4,2,4,3,3,3,4,3,4,4,3,4,3,3,3,4,3,4,3,2,3,4,3,4,3,3,3,4,3,4,3,3,3,3,3,3,3,3,3,3,2,3,3,2,3,3,3,3,3,3,3,3,3,3,3,2,3,4,4,4,4,4,4,2.9
372,23,1,HSTU,ECE,1,8,66,5,"3,1",1,3,3,2,3,1,3,2,1,2,3,2,4,1,1,1,4,1,4,2,1,4,1,1,3,2,1,2,3,2,1,1,1,2,2,1,1,1,1,2,2,1,2,2,1,2,2,1,2,2,1,2,1,1,1,1,1,1,1,1,2,1,1,1,2,1,2,2.99
373,23,1,HSTU,ECE,1,8,66,5,"3,1",1,3,4,4,4,3,4,4,4,5,5,3,4,4,5,5,5,5,3,4,3,4,3,2,3,4,3,5,3,3,4,4,5,4,3,2,3,2,3,4,3,3,4,4,3,5,3,2,4,4,3,4,3,2,3,3,2,3,3,4,4,2,2,3,2,1,3,3.3
374,22,2,HSTU,ECE,1,8,66,5,"3,1",1,3,4,4,4,2,4,4,3,4,4,3,4,4,4,4,4,2,4,4,2,4,4,3,4,4,4,4,4,4,4,4,4,4,4,2,4,4,2,4,3,2,3,3,2,4,3,3,3,3,2,3,4,4,4,4,4,4,4,2,3,3,3,3,2,2,3,3.6
375,23,1,HSTU,ECE,1,8,66,5,"3,1",1,3,4,4,4,3,4,4,5,4,4,4,4,4,4,4,4,5,5,5,4,4,3,3,3,4,4,4,4,4,4,4,4,4,4,4,4,4,4,5,4,4,4,5,5,5,5,5,5,4,4,4,5,5,5,5,5,5,4,4,4,5,5,5,5,5,5,3
376,21,1,HSTU,ECE,1,8,66,5,"3,1",1,3,4,4,3,1,3,2,4,2,3,4,4,3,4,3,4,4,5,3,3,3,2,1,3,3,3,3,2,1,2,3,3,3,2,1,2,4,4,4,3,4,4,3,3,3,3,3,3,3,2,3,3,3,3,2,3,3,4,4,4,4,3,4,3,2,3,3.1
377,23,1,HSTU,ECE,1,8,66,5,"3,1",1,3,4,4,4,3,4,4,3,4,4,5,4,5,5,5,5,5,5,4,4,4,2,2,2,1,1,1,1,1,1,4,4,4,3,3,3,3,2,3,4,3,4,3,3,3,4,4,4,3,2,3,2,2,2,1,1,1,4,4,4,4,4,4,4,4,4,2.95
378,23,1,HSTU,ECE,1,8,66,5,"3,1",1,3,4,4,3,2,3,3,2,2,4,2,4,3,2,3,4,4,4,4,1,3,4,1,1,4,4,4,2,1,2,1,1,1,1,1,1,1,1,1,2,2,2,1,1,1,2,2,2,1,1,1,1,1,1,1,1,1,4,3,4,2,2,2,1,1,1,2.86
379,23,1,HSTU,ECE,1,8,66,5,"3,1",1,3,4,3,4,2,4,5,2,4,5,1,4,5,2,5,5,3,4,5,3,5,1,1,4,4,1,4,5,1,4,3,3,3,4,3,4,3,2,4,4,3,4,4,3,4,5,3,4,4,3,4,2,2,2,4,4,4,4,3,4,4,4,4,2,1,2,3.2
380,23,1,HSTU,ECE,1,8,66,5,"3,1",1,3,3,4,4,3,4,3,4,3,2,2,3,1,1,2,5,5,5,3,2,2,1,1,4,3,2,4,2,2,3,2,2,2,1,1,1,4,2,1,3,4,5,3,2,2,4,2,2,3,2,3,3,3,3,2,2,2,2,2,2,3,3,3,3,2,4,3
381,22,1,HSTU,ECE,1,8,66,5,"3,1",1,3,3,2,4,3,4,2,2,1,3,4,3,4,4,5,4,5,5,3,3,4,2,1,1,3,3,3,1,1,3,4,3,4,1,1,1,3,4,4,3,4,5,3,2,4,4,3,5,1,1,1,4,1,2,2,1,2,3,2,3,1,1,1,2,1,3,3.15
382,22,1,HSTU,ECE,1,8,66,5,"3,1",1,3,4,3,4,3,5,4,4,4,5,5,5,5,3,4,5,3,4,4,2,4,4,2,3,5,3,4,4,3,4,3,3,4,2,1,2,3,1,4,4,3,4,4,2,4,3,1,3,2,1,3,3,1,3,4,1,2,4,2,4,3,2,3,2,1,2,2.8
383,22,1,HSTU,ECE,1,8,66,5,"3,1",1,3,5,5,5,3,5,4,2,4,4,3,5,4,3,4,5,5,5,4,3,4,1,1,2,5,3,5,4,3,4,4,4,4,3,3,3,4,4,4,4,3,4,3,2,3,3,2,3,3,2,3,2,1,2,2,1,2,2,1,3,3,3,3,4,2,4,3.15
384,22,2,HSTU,ECE,1,8,66,5,"3,1",1,3,4,2,4,2,4,3,1,4,4,2,4,2,1,3,3,2,4,3,1,3,2,1,3,2,1,3,3,1,3,2,2,3,2,1,3,2,1,4,2,1,3,2,1,2,1,1,2,1,1,2,1,1,2,1,1,1,2,1,2,1,1,1,1,1,1,3.51
385,22,1,HSTU,ECE,1,8,66,5,"3,1",1,3,3,3,3,2,3,2,1,2,4,4,3,2,1,2,3,2,3,2,1,2,1,1,1,2,1,1,1,1,1,2,1,2,3,2,3,3,2,3,3,1,3,3,1,3,2,1,2,1,1,1,1,1,1,1,1,1,2,1,2,1,1,1,3,1,2,3.24
386,23,2,HSTU,ECE,1,8,66,5,"3,1",1,3,5,5,5,3,5,5,2,5,5,5,5,5,2,5,3,2,3,5,2,5,5,5,5,2,2,5,5,2,3,5,5,5,5,2,3,5,5,5,5,5,5,5,5,5,5,3,5,2,2,5,5,5,5,5,5,5,3,2,5,3,3,3,5,2,5,3.61
387,23,1,HSTU,ECE,1,8,66,5,"3,1",1,3,4,4,4,4,5,4,4,4,5,4,4,3,2,4,4,5,3,4,4,4,3,3,2,3,3,2,3,4,3,4,4,4,4,3,3,4,4,4,4,4,4,4,3,3,3,3,3,3,3,3,4,4,4,3,3,3,4,4,4,4,3,4,3,3,3,3
388,22,1,HSTU,ECE,1,8,66,5,"3,1",1,3,4,3,4,3,4,4,4,4,4,3,4,4,4,4,5,3,5,3,2,3,4,4,4,4,4,4,4,5,4,3,3,3,3,2,3,3,1,4,1,3,2,2,2,2,3,3,3,4,4,4,3,2,4,4,4,4,3,3,3,3,3,3,3,4,5,3.05
389,23,1,HSTU,ECE,1,8,66,5,"3,1",1,3,4,4,4,3,4,4,4,4,5,4,4,4,4,4,5,5,5,4,4,4,3,2,1,3,3,3,4,3,4,5,5,5,4,3,4,5,3,5,4,3,4,5,3,4,4,2,3,4,2,3,4,4,4,5,3,4,4,3,4,5,3,4,5,2,3,3.18
390,23,1,HSTU,Mathematics,1,5,62,6,"4,1",1,5,3,1,1,1,1,1,1,1,1,1,1,1,1,1,1,1,1,1,1,1,1,1,1,1,1,1,2,1,1,3,1,1,1,1,1,2,1,3,3,1,1,2,1,1,1,1,1,1,1,1,1,1,1,1,1,1,1,1,1,2,1,1,1,1,1,3.61
391,22,1,HSTU,English,1,6,115,5,"4,1",1,6,4,4,3,3,4,3,3,4,3,3,4,4,4,4,4,4,4,4,4,4,3,4,4,3,4,4,3,4,4,4,4,4,4,4,4,4,4,4,4,4,4,3,3,3,3,3,3,4,4,4,3,3,3,4,4,4,2,2,2,2,2,2,2,2,2,3.32
392,24,1,HSTU,Mathematics,1,6,62,6,"4,1",1,5,3,1,2,2,1,1,1,1,1,1,1,1,1,1,1,1,1,2,1,1,1,1,1,2,1,1,1,1,1,3,1,1,1,2,2,2,1,1,2,1,1,1,1,2,1,1,1,2,1,2,1,2,1,1,1,1,1,1,1,1,1,1,2,1,2,3.25
393,23,1,HSTU,Mathematics,1,6,62,6,"4,1",1,5,1,1,1,1,1,2,1,1,3,1,1,3,2,1,3,2,1,2,1,1,1,1,1,1,1,1,1,1,1,2,1,1,1,1,1,1,1,1,2,1,1,1,1,1,2,1,2,1,1,1,1,1,1,1,1,1,1,1,1,2,1,1,1,1,1,3.65
394,24,1,HSTU,Mathematics,1,6,62,6,"4,1",1,1,5,2,3,1,2,2,1,1,3,2,1,3,3,2,2,1,1,3,1,2,3,2,1,1,1,1,3,1,1,1,1,1,2,1,1,2,1,1,3,2,1,2,1,1,1,1,1,1,1,1,2,1,1,1,1,1,1,1,1,1,1,1,3,1,2,3.63
395,24,1,HSTU,Mathematics,1,6,62,6,"4,1",1,5,3,2,4,2,2,3,2,1,4,2,3,4,3,2,3,2,2,3,2,1,3,2,4,3,2,2,2,1,2,3,3,3,4,4,4,3,1,2,3,2,2,1,1,1,2,1,2,2,1,2,2,2,2,3,1,2,3,2,1,2,2,2,2,1,1,3.14
396,22,1,HSTU,ECE,1,8,66,6,"3,1",1,3,3,2,1,2,2,1,1,4,5,5,5,2,2,2,1,1,1,1,2,2,1,1,2,1,1,1,2,1,2,3,2,3,3,1,2,2,2,2,1,1,1,1,1,1,1,1,1,1,1,1,1,1,1,1,1,1,1,1,1,1,1,1,1,1,1,2.98
397,23,2,HSTU,ECE,1,8,66,5,"3,1",1,3,4,5,4,3,4,3,2,1,5,4,5,2,2,2,4,5,4,5,4,5,4,2,3,4,3,4,5,4,5,4,4,4,3,2,3,4,3,4,5,3,4,3,2,3,3,3,3,4,3,4,4,4,4,2,4,3,3,2,3,1,1,1,2,1,2,3.08
398,23,1,HSTU,ECE,1,8,66,5,"3,1",1,3,4,4,4,3,4,4,5,4,5,5,5,4,4,4,5,5,5,4,5,4,4,4,5,3,3,5,3,3,4,3,2,2,1,2,2,2,2,1,3,5,4,3,4,4,5,4,4,2,1,2,2,1,3,4,4,4,1,1,1,1,1,1,2,1,2,3.05
399,23,1,HSTU,ECE,1,8,66,5,"3,1",1,3,5,4,3,1,2,3,1,3,1,1,3,1,1,3,3,1,3,3,1,3,1,1,1,2,2,2,5,2,3,5,4,5,5,2,5,5,4,5,2,1,1,1,1,2,1,1,1,1,1,1,1,1,1,1,1,1,1,1,1,1,1,1,1,1,1,3.02
400,21,1,RU,Social Work,1,16,68,5,3,0,2,5,4,4,3,5,4,2,5,5,4,5,4,3,5,4,3,4,5,5,5,4,2,5,5,3,4,5,3,5,5,5,5,5,4,5,5,5,5,5,5,5,4,3,5,5,4,5,5,5,5,5,4,5,5,5,5,4,3,5,5,5,5,4,4,4,3.28
400,22,2,HSTU,ECE,1,8,66,5,"3,1",1,3,4,2,4,2,4,3,1,4,4,2,4,2,1,3,3,2,4,3,1,3,2,1,3,2,1,3,3,1,3,2,2,3,2,1,3,2,1,4,2,1,3,2,1,2,1,1,2,1,1,2,1,1,2,1,1,1,2,1,2,1,1,1,1,1,1,3.51
